# timestamp[secs] tx ty tz qx qy qz qw
1643091436.096091 17.65079746713204 -3.485966865065316 -124.6178816179294 -0.175556097129758 -0.23310100790399424 0.6777352326518375 -0.6749214260171835
1643091436.195984 17.650277655615763 -3.486894931941543 -124.61803643373135 -0.17546794058272144 -0.23307717534246025 0.6780992341951709 -0.6745868815400736
1643091436.295867 17.652310670273756 -3.480822206393699 -124.61775493718702 -0.1754948875660949 -0.23331385071198815 0.6780941805616781 -0.6745031310472133
1643091436.395782 17.646039437868524 -3.486149975927919 -124.61788741577465 0.1768759457575904 0.23108212036483514 -0.6764046333118944 0.6766038172329886
1643091436.495717 17.651171110511804 -3.4826342865726443 -124.61769648147599 -0.17580947089419768 -0.232911397919981 0.6779496459663417 -0.6747055566667391
1643091436.595801 17.651420224166337 -3.485382784758478 -124.61816974743266 -0.17568679027473136 -0.2331510408497543 0.6778405942658793 -0.6747643089545552
1643091436.695988 17.644300171893587 -3.485792509529539 -124.61831670450171 0.17721813916679152 0.23057752668553977 -0.6760012942023537 0.6770893482950252
1643091436.796103 17.64378267665754 -3.4847153949094904 -124.61752770116809 0.17827313538698147 0.2290616888257515 -0.6761478061303116 0.6771806082403397
1643091436.896057 17.6513911569716 -3.488223939578909 -124.61702199171562 -0.1751339502972704 -0.23354911227602845 0.6779375668028013 -0.6746729334469034
1643091436.995924 17.652447699338797 -3.4812669925359843 -124.61753245401312 -0.17524300447752483 -0.23364512700712853 0.6782170690792488 -0.6743303724563106
1643091437.095913 17.659822479232783 -3.487621779951715 -124.61499627891095 -0.17108539007861465 -0.2384138133740333 0.6770745192728204 -0.6748768319075558
1643091437.195745 17.650977489159736 -3.488968578766144 -124.61816423073323 -0.17580009633508464 -0.23333374285877187 0.6779177539197233 -0.6745941072174652
1643091437.295563 17.65171273536443 -3.48108337405986 -124.6180150899089 -0.1758903198033581 -0.23308298642761638 0.6778846829752422 -0.6746905019525704
1643091437.395402 17.65103610197594 -3.486217025362848 -124.61766437280507 -0.17547375316980426 -0.23408620445798137 0.6777234922889966 -0.6746135774134441
1643091437.495264 17.652192029686084 -3.4803345379676487 -124.61768859234977 -0.17584841716573155 -0.23370390054056506 0.677966622479809 -0.6744042406863652
1643091437.595174 17.659910432986504 -3.483201442305201 -124.61501355369049 -0.1714580386426042 -0.23849373285259232 0.6768401867964399 -0.6749890679946068
1643091437.695145 17.65204607630532 -3.4814526488173967 -124.61814705223537 -0.1754553976676919 -0.23373609131178738 0.6779377433590918 -0.6745244689236572
1643091437.795141 17.651237103381295 -3.4833147885805142 -124.61795402454545 -0.17588491736223505 -0.2332924498485985 0.6777455192910904 -0.6747593198830002
1643091437.895132 17.65059736793463 -3.486081020018594 -124.61814500609013 -0.17599690339878193 -0.2330444861558274 0.6776472530613011 -0.6749144819048404
1643091437.995163 17.650458874305922 -3.486370679537401 -124.6180790179366 -0.17568371290571447 -0.2335384566400128 0.677833027262414 -0.6746387251278531
1643091438.095386 17.650510112204525 -3.4898534342444774 -124.61811966287756 -0.17583434671723783 -0.23348248734477683 0.6777444081708202 -0.6747078833176644
1643091438.195497 17.651129523882172 -3.484755135904808 -124.61757290567768 -0.17617510325146102 -0.23302834465333291 0.6777874423468204 -0.6747327667895047
1643091438.295627 17.651078181975905 -3.4854385157742906 -124.61758937724275 -0.17578970472878452 -0.23369407900248235 0.677832976862683 -0.6745572715700439
1643091438.395707 17.652331002636014 -3.4796346394856954 -124.61822798932678 -0.17617333930827686 -0.2332945003688941 0.6778852464872732 -0.6745429735824751
1643091438.495715 17.650065804017164 -3.487448113065081 -124.61784842966178 -0.17630695533667917 -0.23297240743373207 0.6776185751947816 -0.6748872360812844
1643091438.595698 17.65140083736781 -3.4820436883645947 -124.63362025198809 -0.17952087613112383 -0.23610590945537177 0.6767289196923361 -0.6738428776839666
1643091438.695654 17.650412170290476 -3.4800788405375447 -124.61749100677673 -0.1765933004880016 -0.23284722194909863 0.6774066522749084 -0.6750682964760255
1643091438.795565 17.650871555704665 -3.4846500803536746 -124.6182198244494 -0.17679578406943625 -0.23328501437788052 0.6775090973477162 -0.6747612732019139
1643091438.895438 17.652241748273052 -3.4794600918453673 -124.61827994251018 -0.17638237439837334 -0.23383083426020942 0.6774062779710037 -0.6747837679703311
1643091438.99529 17.651057182421074 -3.486788948804914 -124.61818080354165 -0.1783465022343262 -0.23389834199683435 0.6771751899928554 -0.6744759838645505
1643091439.095358 17.660510949080894 -3.480690546865342 -124.61527417447651 -0.17188161168424962 -0.23919041482596443 0.6765511506316293 -0.6749245866015151
1643091439.195292 17.654326952450415 -3.4711482373522937 -124.61905216100016 -0.17688025427933998 -0.23347008893626695 0.6763513131303468 -0.6758357747596847
1643091439.295221 17.665841528773026 -3.459380341662457 -124.61466573640807 0.17201180390564313 0.23886710806978725 -0.6740173535446852 0.6775360146295707
1643091439.395165 17.6602668732882 -3.442727224471356 -124.61878846420535 0.17632977580620832 0.2350510732462978 -0.6745771183069349 0.6772034513989186
1643091439.495225 17.661981736153347 -3.421689035903232 -124.62137764790646 0.1767709898452795 0.23559073182269422 -0.6748442450999115 0.676634516621712
1643091439.595494 17.676135053740495 -3.4001449576506713 -124.62154212640104 -0.1783994011169172 -0.23677822195291545 0.6820930714974833 -0.6684749577247232
1643091439.695866 17.690760717177064 -3.3717065258389605 -124.61394672641063 -0.17715546482487707 -0.23929897922235482 0.6859402353556178 -0.6639562736702624
1643091439.795922 17.700744602092986 -3.3446542100893817 -124.62006502904592 -0.17613924520849483 -0.23888652910828514 0.6861766371123966 -0.6641308720343458
1643091439.895744 17.70450559364703 -3.3131876077673788 -124.62248961188008 -0.17610409205535835 -0.24191076645249107 0.6789606157840001 -0.6704319592993292
1643091439.995373 17.70277865172375 -3.2763815535673415 -124.61394673409006 0.17683518328448272 0.24049640625591853 -0.6725497750102677 0.6771761932203244
1643091440.09524 17.706585591189064 -3.2361215042541405 -124.61555400122528 0.1734074296912032 0.24111337502919783 -0.6674055152672485 0.6829085457810427
1643091440.195077 17.712796753121022 -3.1973911413099385 -124.6171601746747 0.17231107145584515 0.24247819556952932 -0.6630507379501476 0.6869329939891143
1643091440.294989 17.728476934668553 -3.1469022489032685 -124.61930257243009 0.16820339230194806 0.24577831825197358 -0.6595217842882223 0.6901678441833031
1643091440.395069 17.730222419009692 -3.0977335589156065 -124.61711748910837 0.1702187535957946 0.24627329725521244 -0.6577808547290577 0.6911580037410043
1643091440.495141 17.7339660636713 -3.048296958834446 -124.61555637240414 0.17055706335808116 0.24443629105489076 -0.6551624830521515 0.6942069637758869
1643091440.595345 17.74033076669214 -3.001253676250236 -124.61750439194714 0.16914018337957432 0.24418936815083894 -0.6538243244565098 0.6959000672491753
1643091440.695703 17.748149287474845 -2.955026749179112 -124.61569767940139 0.16899780783159454 0.24567600211317317 -0.6515214089856481 0.6975692772529187
1643091440.796058 17.758775345117368 -2.9026913100126497 -124.61411516117684 0.1663678294195444 0.2487860878397407 -0.6491280125343787 0.6993282856962056
1643091440.896385 17.75639846867181 -2.8492308812273115 -124.61285753919351 0.1673864998627998 0.2453271794702965 -0.6469352459830268 0.7023326293016083
1643091440.996722 17.76344498560804 -2.7960803077006253 -124.61831230276508 0.16840288987168578 0.24360635509168 -0.6485411510083974 0.7012066641800506
1643091441.097257 17.765954454175272 -2.7390116513248137 -124.61108224539353 0.16864993641667628 0.24743145496739968 -0.6475053504555272 0.7007650784470013
1643091441.197533 17.77165419624107 -2.6834888722960444 -124.61104856018252 0.16787054000086166 0.24545245165149815 -0.6481805195486652 0.701023958118202
1643091441.297725 17.780657590788927 -2.6266916452716784 -124.61290111799603 0.16670756796974925 0.24599139850157123 -0.648016571429689 0.7012641027440114
1643091441.397712 17.79047175970038 -2.5715762750131295 -124.61294858305251 0.16788492230919014 0.24542482518233788 -0.6479900072673632 0.7012062881400158
1643091441.497534 17.798476417648697 -2.5133416441628063 -124.61477503023353 0.16716413324252688 0.24636739103658825 -0.6463986188022869 0.7025155420356158
1643091441.597254 17.804208822293873 -2.4495958303384624 -124.61148183912086 0.16552661431430582 0.2482669455848704 -0.6427776689444621 0.7055503752319361
1643091441.696826 17.81083705477061 -2.3861508691175723 -124.6100764934427 0.16264991878048152 0.2484058552521751 -0.6376962782898139 0.7107622609934058
1643091441.796304 17.81792756993995 -2.3261305763355544 -124.61196108839637 0.16015916983232562 0.2494204255374184 -0.6303753775731092 0.7174715151090764
1643091441.895791 17.8232055272106 -2.2671470106744143 -124.61405848299417 0.15595111220183244 0.25161548904640263 -0.6204061719535872 0.726267910675425
1643091441.995459 17.82024283544719 -2.208420874077883 -124.61316747038866 0.15341505371934516 0.25510232564389723 -0.6079876862341043 0.7360282590573991
1643091442.095555 17.82795721277162 -2.1481074865275813 -124.61014627122029 0.1472477667173021 0.2582825469843317 -0.5942228901684659 0.7473335118405228
1643091442.195714 17.8154342547059 -2.0851579800591855 -124.61058651476085 0.1423634300990877 0.25797629715910997 -0.5809767043347095 0.7587140125863475
1643091442.296023 17.79452203833819 -2.0213240364889775 -124.61389420755232 0.13569262540771881 0.2595697317993541 -0.566376998769808 0.770342885349165
1643091442.396387 17.801922673088235 -1.9634648307424405 -124.61289387436932 0.13388632095610956 0.26290298031360504 -0.5523109940557558 0.779685219718961
1643091442.496728 17.790080259904318 -1.902822050342432 -124.61156556466557 0.12763012397074291 0.26799981249582067 -0.5361033332952501 0.7902403862035526
1643091442.597033 17.770868028028737 -1.8382749066056052 -124.61140656989134 0.12128935562044862 0.2663938024903641 -0.5225297835341908 0.800803258939181
1643091442.697313 17.757331970890117 -1.7816932288508518 -124.61292354987432 0.11712864478238917 0.2698469120595973 -0.5067413220251478 0.8103559447400547
1643091442.797442 17.738720454650426 -1.7203036256708866 -124.61263929653255 0.11246758016820115 0.2703981318304433 -0.49213647898526364 0.8197789822663806
1643091442.897497 17.71795145708537 -1.6616620953031478 -124.61054024830848 0.10779002221430604 0.27804724291050076 -0.4725608358743456 0.8293113397383688
1643091442.997296 17.69426214680576 -1.5929667886055159 -124.61421546746388 0.0982590287361304 0.2752174846501569 -0.4608637717833515 0.8379767796736947
1643091443.097078 17.67080679183537 -1.536578301401446 -124.61432230165286 0.09169319902563094 0.279185121142328 -0.43072328829510803 0.8533026862171704
1643091443.196657 17.64122585645681 -1.4788558186714917 -124.61026746124341 0.08425650261992411 0.28500646847437766 -0.4077596519800999 0.863367952214518
1643091443.296276 17.611687113853378 -1.4225580006299319 -124.61124881943 0.08201136683454026 0.28396028921218036 -0.40690488436295175 0.8643315943213219
1643091443.396096 17.571985279901536 -1.3696949631548125 -124.61308094551391 0.07485622575503688 0.2861650336118832 -0.38241742352981023 0.8753645144649413
1643091443.496047 17.53158406714324 -1.323756937521034 -124.60775554966526 0.06336234744385884 0.2908317649786344 -0.333573125885748 0.8945004567313686
1643091443.596248 17.481044630071384 -1.2666925816598584 -124.61361067390422 0.05815714997306653 0.29140737906407577 -0.3342994473778893 0.8943955304097031
1643091443.696372 17.443866276877355 -1.2237552834538494 -124.61604386021531 0.04697530446282612 0.28982750841958327 -0.29790168523377875 0.9083214860768162
1643091443.796579 17.392993790987823 -1.1848164458670842 -124.60862960093658 0.04153609268857083 0.29305950958129684 -0.2701075892057263 0.9162056358163306
1643091443.896751 17.336183740413343 -1.1363126057817916 -124.61233648384079 0.03920920156858589 0.29299688808997554 -0.2702592028850535 0.9162834852478133
1643091443.996863 17.282102280783356 -1.1057468386999356 -124.61089156385492 0.028460790064386614 0.2936293688610485 -0.23458787565161088 0.9262506711298177
1643091444.097039 17.220938692335892 -1.0683883524819406 -124.61186879936567 0.022798138873719245 0.29401500314800205 -0.21444031784902223 0.9311556115218258
1643091444.197025 17.16372857721091 -1.0352003238575516 -124.61041179262928 0.0195607821317527 0.2942199254388523 -0.20597336998240495 0.9330739424800382
1643091444.296977 17.097750762205898 -1.0075530375004118 -124.60899424637684 0.012994382438597643 0.29471766646778286 -0.18433016910453295 0.9375473491268154
1643091444.39689 17.035634927499796 -0.9842356854745863 -124.60859278307846 0.006496108907389456 0.2952535526503472 -0.16366995553130972 0.9412732259406889
1643091444.496814 16.97042600122252 -0.9627290309018043 -124.60972657521646 0.0005405115280978166 0.2946381559572873 -0.1431181205825633 0.9448308147294372
1643091444.596812 16.903992894141197 -0.9443523487183768 -124.60831318999072 -0.0069339541564965995 0.2948361552864705 -0.12336510273642114 0.9475255211562801
1643091444.696965 16.82903635143671 -0.9311369008439022 -124.612418682429 -0.010098304121252627 0.29446475199915184 -0.10614526437416305 0.9496955917213115
1643091444.797191 16.751892978080893 -0.9196676961146818 -124.61334936702416 -0.015906565475654576 0.29336408513808226 -0.09198567546455297 0.9514321469422791
1643091444.897438 16.675325297973803 -0.9122292303479883 -124.6114258995476 -0.018938972323699666 0.29357637097406114 -0.07937602611344137 0.9524461539695884
1643091444.997669 16.597661004810522 -0.9047532802255162 -124.6056651185963 -0.021919154973228765 0.2932992257029853 -0.0687253915532049 0.9532953033573319
1643091445.097882 16.52122889034144 -0.8971686699956625 -124.60883316787906 -0.024713789533419333 0.29286018838318156 -0.05851540908784256 0.9540430208152815
1643091445.197942 16.442741682046307 -0.8909787592368625 -124.60924211610667 -0.027400326686503915 0.292482850262927 -0.05102053966620042 0.954515536244286
1643091445.29792 16.36515081195467 -0.8840363331514497 -124.61233758083598 -0.02929255571534153 0.29198091104459484 -0.044122878911201945 0.9549566824321506
1643091445.397847 16.27767850293649 -0.8759677729485091 -124.61012958135679 -0.03165270352828509 0.29197223025430824 -0.03846604260658082 0.9551286231109737
1643091445.497636 16.20704374996758 -0.869779873707987 -124.61104143313173 -0.036134956596946696 0.2909133106107464 -0.02639378831467314 0.9557024006246047
1643091445.597378 16.10174510955874 -0.8590855625554422 -124.60705292847149 -0.039657815971978976 0.29372418199980094 -0.02678218983859092 0.9546916134796253
1643091445.69714 16.043511360857696 -0.8588403595106361 -124.6202908184165 -0.04049849018132074 0.2917640645577931 -0.021136369232686185 0.955398794651432
1643091445.796891 15.965625278778944 -0.8587787741839716 -124.61226325445564 -0.04270302678184779 0.29167810384762927 -0.014100614571291201 0.9554587944585744
1643091445.896627 15.88820871991841 -0.8587680190252236 -124.61174891547866 -0.0422889175368365 0.29156478135282227 -0.00738265223260629 0.9555873179224681
1643091445.996526 15.798676912809269 -0.8594971118536999 -124.61847055250583 -0.045534693552997586 0.2899380012835821 0.0007253847124403325 0.9559613072252116
1643091446.09664 15.716278001779154 -0.8593232594415899 -124.61230029406701 -0.04682683187983933 0.29089746445801384 0.001613331007772728 0.9556062526747381
1643091446.196599 15.631607212483681 -0.8596503585132236 -124.61190125575372 -0.048638310099137626 0.29092850644145246 0.005562809162276262 0.9554914829995451
1643091446.296468 15.522995965042936 -0.8584639288380509 -124.61754078322895 -0.04757735966971738 0.28761772005472935 0.011490286234617644 0.9564938135082862
1643091446.396414 15.473700552996254 -0.8577554351824171 -124.61567900393317 -0.04463388768024344 0.2903417478522244 0.006482558663118653 0.9558595409147946
1643091446.496424 15.396152546709118 -0.8586317386551767 -124.60803184376105 -0.04540920664102798 0.293734846609347 0.0028483684263320447 0.9548035036785965
1643091446.596303 15.305658084524874 -0.8510540645736744 -124.61552011248547 -0.04686826831527235 0.2907957074980405 -0.001487617439911403 0.9556353953889496
1643091446.696155 15.188759038966456 -0.8516395745019626 -124.61293001288821 -0.037688977083403165 0.2913534323545442 0.0003788271161421835 0.9558726771655568
1643091446.796034 15.099713593630518 -0.8315266912750172 -124.61085352518779 -0.047022605516150055 0.2925215571765048 -0.0030567184023030623 0.9550972042834772
1643091446.895976 15.044718614112348 -0.8302307463626349 -124.61194003433506 -0.04786067284604485 0.29245012418963523 -0.0024531039142308094 0.9550791920764354
1643091446.996008 14.890941584997893 -0.8214859632441652 -124.61888997993745 -0.04579345331157778 0.2921499709772679 -0.000941160031642108 0.9552750746824585
1643091447.096222 14.827245023496792 -0.8344104172375992 -124.61373404440366 -0.038271875444650355 0.29182664943074094 0.004867984402692555 0.9556928235368475
1643091447.196282 14.792811908588677 -0.8222025085917234 -124.61058563226202 -0.04788732884772813 0.2923316819035947 0.0028964138313007062 0.9551128741034552
1643091447.296412 14.667882943958473 -0.8307835962288908 -124.61436284114161 -0.040280104564234816 0.2916699453193206 0.0075017077033125365 0.9556410835430073
1643091447.396507 14.611143172559172 -0.8143347392698629 -124.61101998217478 -0.04949158746793905 0.29228177750002 0.005194315736155024 0.9550366298710041
1643091447.496554 14.451713975260768 -0.8199367975531233 -124.61099883406024 -0.03898576845383626 0.2916495859999749 0.008674601581994141 0.9556910484730412
1643091447.596553 14.312976600735286 -0.7951458335944485 -124.61184276787229 -0.04885385492506563 0.293960769705299 0.0049093929019038435 0.9545555324833457
1643091447.696537 14.275075307635808 -0.7977445238787175 -124.61740234427887 -0.04653489126379486 0.2919622190458403 0.0036382658158214537 0.9552901808177184
1643091447.796537 14.184298338405762 -0.7983645393729227 -124.62003792183607 -0.04307669545678334 0.2913982472947852 0.004949723815399454 0.9556186268675396
1643091447.896603 14.089337414815349 -0.7947328386401359 -124.60863478953277 -0.0397879373814112 0.2908223048564743 0.0049697252602824765 0.9559365088057564
1643091447.996686 13.996140914597154 -0.7734867632170758 -124.61016082058298 -0.04832301431821472 0.29243252949047305 0.0010020812745284832 0.9550639234188067
1643091448.096838 13.910556289731598 -0.765307950838794 -124.61309864739383 -0.04827963241998692 0.2923604841027967 -0.0005826882204711601 0.9550885220245332
1643091448.196788 13.820487764963412 -0.7725667731540811 -124.61146217679132 -0.04038328679558665 0.29103330993524573 0.0029538131782636313 0.9558556782503457
1643091448.296673 13.747717085657428 -0.7535467257967072 -124.60572481532017 -0.04957016790292409 0.2927897199083951 0.0030556881719361584 0.9548861927684552
1643091448.396461 13.697197577319105 -0.7537915491217527 -124.61403369994123 -0.04639065753503984 0.29130106455637483 0.0067458896576019335 0.9554821241941247
1643091448.496264 13.620437503811006 -0.7522139142300528 -124.60893797324725 -0.04458492290740153 0.29065664287735565 0.01218695097599911 0.9557104053145571
1643091448.596184 13.515736428973511 -0.7371567258038737 -124.60807099892997 -0.05175896234411373 0.29099731872650775 0.014674050659147661 0.9552100515322778
1643091448.696215 13.464468935280538 -0.7365459565042138 -124.61037568999272 -0.05230772202199443 0.29040962350085714 0.017125452063257118 0.9553182044149422
1643091448.796279 13.364642819081945 -0.7312402992569186 -124.61321834531186 -0.05293870968496984 0.2900303637563392 0.01801610533514842 0.9553822800663663
1643091448.896338 13.27061918292458 -0.7258062032075008 -124.61039724222849 -0.05154819491714855 0.2899695703538799 0.01924408694229827 0.9554528230045308
1643091448.996414 13.209499330061277 -0.7196777132826487 -124.6082159548069 -0.053720442784832505 0.29129139514984914 0.019551861300641266 0.9549246891029347
1643091449.096566 13.116281078386065 -0.7112678034302654 -124.60795813973665 -0.05485819899184163 0.2915504964441157 0.020288189037618858 0.9547655604451467
1643091449.196492 13.005429945175678 -0.7035231882454456 -124.61244884652723 -0.04991215025609647 0.2911686339076986 0.020485284035781363 0.9551491805069566
1643091449.296333 12.901201441302664 -0.6858919087541008 -124.61432730698809 -0.054457468807484054 0.29204090863344445 0.02010825272561053 0.9546424199395065
1643091449.396168 12.855365393801677 -0.6835621487178312 -124.60754780474738 -0.05147141838797595 0.29092848691504125 0.01950435464820668 0.9551601377466564
1643091449.495949 12.82548681849736 -0.6784613209342949 -124.61325983584261 -0.05260584018722229 0.2907956583402212 0.020830655195319753 0.9551107760217175
1643091449.595734 12.688660995917097 -0.6691906432165019 -124.61683747546857 -0.051276190090356034 0.2900092572639597 0.02283545467117927 0.9553763263976057
1643091449.695643 12.64163277283792 -0.6664051895430744 -124.61127826706402 -0.054456314632811975 0.2903618022954264 0.02388735033128329 0.9550674992159006
1643091449.795612 12.588621932177055 -0.6652622442128837 -124.61327511780217 -0.05519197508611339 0.2924982318693823 0.023885155027769847 0.9543731605659698
1643091449.895589 12.533176708957049 -0.6636118792476232 -124.6116031569012 -0.05772627626393828 0.29002091953528386 0.02490754553794515 0.9549529608498436
1643091449.995558 12.360816989235627 -0.6630045161844991 -124.61480822649642 -0.04632248838045132 0.28923022892245687 0.027845048923457544 0.9557325750429125
1643091450.095614 12.420909062774395 -0.6722651282319874 -124.60922311018876 -0.046668387568593074 0.2902928538740896 0.030087853808186685 0.9553255160648654
1643091450.195544 12.29724063966956 -0.6464879166204254 -124.61264894368661 -0.056368011739178256 0.2896535961281151 0.028515015290726604 0.9550446771777706
1643091450.295515 12.216166570452776 -0.6560117290313189 -124.6133771180522 -0.04707203609739929 0.2901560390461725 0.030107187947112906 0.9553466667428103
1643091450.395497 12.037258683811679 -0.6374610953802777 -124.61472332287285 -0.04590247978864228 0.28915297402302775 0.0293468392742404 0.9557312817876703
1643091450.495545 12.012103873606224 -0.62815771740576 -124.6141787735516 -0.0509600449278038 0.2901054277371823 0.026953072070700305 0.9552567437732824
1643091450.595609 11.875133823032684 -0.6211361223676295 -124.60957875804876 -0.04919811444955623 0.28883086476229797 0.03047297137927954 0.9556294653842509
1643091450.695617 11.880776116346711 -0.6190125458840903 -124.61312233939687 -0.04809146921702796 0.2891278113747118 0.029525807150865516 0.9556257353118461
1643091450.795648 11.799924733726632 -0.6087926914176469 -124.61360959561131 -0.04691471999654006 0.2883893597231254 0.029220483920410482 0.9559167063952743
1643091450.895678 11.679926640616214 -0.596611269190298 -124.61366797979572 -0.045701086444669504 0.2876918135622867 0.02734528202568885 0.9562411132439114
1643091450.995724 11.600760360022251 -0.5734461521386397 -124.61034672718766 -0.05516076622489432 0.29080361715523756 0.024291771041039804 0.954882430448169
1643091451.095957 11.477531141061185 -0.5730605705580113 -124.61553340346897 -0.04678930272920817 0.2877114007892051 0.02498487344181858 0.956247178874335
1643091451.196104 11.548799734136479 -0.5797610536259435 -124.61915881827132 -0.04816174827893682 0.2887262869807894 0.02247361504981322 0.9559354130042448
1643091451.296143 11.43661626289809 -0.5559201867722595 -124.61503321094217 -0.055107975259365526 0.28934038639619325 0.020256313314106465 0.955423954919404
1643091451.396114 11.404458078820966 -0.5534304357592336 -124.61458291904552 -0.050583969897653326 0.2892206653006869 0.019758396529934302 0.9557208141078581
1643091451.496054 11.413715060952677 -0.5547332153385645 -124.61162965892915 -0.04934832410718278 0.2893293853809741 0.020498726314313088 0.955736915621852
1643091451.596001 11.36560852230611 -0.5397784773255422 -124.61925363448799 -0.05321934004972758 0.2902154576992173 0.01892332052221756 0.9552929382642367
1643091451.695992 11.204561405378081 -0.5259848559161118 -124.61487653262877 -0.044710483261982965 0.29251049196960016 0.017244226805835365 0.9550608469705223
1643091451.795966 11.095240650292565 -0.5102827665571913 -124.60927149526549 -0.04268328345484213 0.29320867347843665 0.015584118305911315 0.9549680342122224
1643091451.89589 11.034408165677783 -0.4938806675391962 -124.61552066431076 -0.052906867874078584 0.2897402213376723 0.0122991258549049 0.9555627655858911
1643091451.995732 10.88478375957707 -0.47451816377450895 -124.61744333744713 -0.05092318026423655 0.2904401491326302 0.012104655932382928 0.9554605312561845
1643091452.095705 10.767250096380005 -0.4586014138772325 -124.61650930407272 -0.0469025301672416 0.29087465668668944 0.010858539622379117 0.9555491504253356
1643091452.195599 10.663762449849632 -0.4399948309288948 -124.61470529523571 -0.05069645643970371 0.29144095243593626 0.008630778659166886 0.9552055015583967
1643091452.295476 10.503664286786648 -0.419400312376489 -124.6193991370277 -0.04921189189234418 0.29133326210204996 0.007143679276699165 0.9553282618742869
1643091452.395419 10.356309012111453 -0.39780013931753117 -124.62138615539267 -0.05015913193365188 0.290239265898669 0.0049041861415253084 0.9556260664991059
1643091452.495394 10.282511660121653 -0.38706817727007525 -124.61941695620965 -0.04610771177712442 0.292615155210521 0.0012153892755774433 0.9551172559872997
1643091452.595391 10.139595001655733 -0.36995358804890777 -124.61367922947593 -0.048373956088065696 0.29227406806667733 0.00275063871613854 0.9551064147490574
1643091452.695255 10.150840763010336 -0.36538260791226274 -124.6186894475045 -0.049754663237493356 0.29346115884333374 0.004167111065762087 0.9546662542071008
1643091452.795196 10.148259441082624 -0.3629202270409936 -124.62019862628286 -0.04245008199298875 0.29149110449575427 0.005284622743391291 0.9556165545348687
1643091452.895184 10.037208959750417 -0.3434319622140508 -124.61432199788737 -0.0498531396224643 0.2923195172144511 0.00595983492239449 0.9550018035024809
1643091452.995191 9.935464473836673 -0.32762364100630914 -124.61704126792348 -0.05120836504279543 0.2917609069796436 0.006385965084136029 0.9550981603782952
1643091453.095301 9.827175902854368 -0.31381882761122154 -124.61695787436621 -0.054737344226367605 0.2898986946526367 0.008037279201464631 0.9554569441522623
1643091453.195231 9.770552062957584 -0.301215005992453 -124.61760066825809 -0.0567354624608027 0.2915743750945875 0.010416642733590234 0.9548072918875936
1643091453.295211 9.499565469545164 -0.2790079837721331 -124.61867472493752 -0.051949200544783206 0.2927499979511463 0.014462723731216487 0.9546672451093292
1643091453.395422 9.366310773012318 -0.26703276645326535 -124.61499424339473 -0.05156784942276708 0.2915985711521875 0.01738983149237869 0.9549914261230726
1643091453.495738 9.36722641885153 -0.27004427230143074 -124.62232286661042 -0.053547274846152376 0.29083751301555494 0.017503995329739338 0.9551124753278926
1643091453.596082 9.275929699656979 -0.26020434536785414 -124.61742620640295 -0.0533947750918579 0.29476461634959406 0.015942220506800945 0.9539437428624808
1643091453.696396 9.286156005264095 -0.27204465861286786 -124.61859320899325 -0.052599414141964375 0.2905545915713922 0.014382310433734564 0.9553033445431306
1643091453.796589 9.218132066182129 -0.26365397421193604 -124.61965466303327 -0.052302382856226105 0.2930273278656073 0.014811583305764615 0.9545575220338892
1643091453.896644 9.079570439690006 -0.2542851610878609 -124.61505007386008 -0.052790804918102806 0.29142829545368126 0.014466615333095362 0.9550253381800218
1643091453.99651 8.912442846531837 -0.23588487545044326 -124.61579061621384 -0.04407828572311437 0.29124752080767324 0.013765721444862806 0.9555325694418783
1643091454.096483 8.791586397457726 -0.21234538314523477 -124.61281333661984 -0.050781959858904054 0.2926450456266496 0.012120281937027693 0.954794830625319
1643091454.196261 8.613527110801332 -0.19119277426029468 -124.616078787259 -0.05180881124425761 0.2892389574451572 0.012651732885930146 0.9557701639141486
1643091454.296175 8.629508870581962 -0.2098926965059702 -124.6100522052375 -0.04668032032726347 0.29277140895323667 0.015968733612079733 0.954908817291215
1643091454.396075 8.519043570039058 -0.1887188099512156 -124.61139019695973 -0.05308115465539338 0.2886250761886528 0.015454431384820434 0.9558447138348971
1643091454.495959 8.352930319459663 -0.16613564239037099 -124.62541864367338 -0.05080480414107075 0.2895060416044465 0.014728432513817067 0.9557134492233528
1643091454.595953 8.252700895162572 -0.15811030698653045 -124.61248080865869 -0.04970751627168341 0.29315842255246405 0.01312864783829095 0.9546805438043604
1643091454.696034 8.23686450146693 -0.1591269338752599 -124.61675396715276 -0.04904260244389699 0.28927893924902587 0.008630929507476707 0.9559487567376848
1643091454.796125 8.195120273205783 -0.16602125110553356 -124.62205775342393 -0.049504099560022455 0.29081919623265345 0.00857139320521447 0.9554580422226119
1643091454.896262 8.051428023782098 -0.1503463195696446 -124.61986684138611 -0.04813892883291562 0.2885702932328596 0.005144630790578391 0.9562339474042686
1643091454.996363 8.008885094418684 -0.14827425408580097 -124.61319840802553 -0.044586183224053784 0.2921695527752269 0.0065231962904059426 0.955304387411045
1643091455.096618 7.806106744224073 -0.13506205692675907 -124.61332730553565 -0.04801914535296085 0.2921560557906926 0.002796996049856698 0.9551602889345295
1643091455.196668 7.746227076942334 -0.12859377941796002 -124.6203017305127 -0.0445058795285848 0.29078279399590135 -0.000868485482786294 0.9557530220387955
1643091455.296728 7.616143143891773 -0.11199079111196733 -124.61691247118777 -0.044566180528005844 0.29077584301029824 -0.004100090791733646 0.9557439269649037
1643091455.396787 7.544890433475782 -0.09928763136951832 -124.61556524505768 -0.04557276028464307 0.291106313170792 -0.006050836446848103 0.9555854882376776
1643091455.496773 7.41054190622266 -0.085244520362114 -124.61810698950568 -0.04644939653393757 0.291541535111636 -0.0075956676090851065 0.955399546106212
1643091455.596664 7.2716595295664845 -0.07921896394293301 -124.61192680425907 -0.04631606168403286 0.2905787649271777 -0.00615789828363797 0.9557096233125442
1643091455.696474 7.179387269572203 -0.06572151025469905 -124.6247949187296 -0.04827145623635065 0.2897450927127559 0.00018709272690737455 0.955885773907118
1643091455.79634 7.146486128205223 -0.06287438611222168 -124.61526230928047 -0.04651860523646027 0.290759340120034 0.0007033289467720668 0.9556644446814004
1643091455.89625 7.0258593902758015 -0.056556810631677154 -124.61680616108507 -0.05063119315522108 0.2908161968364121 0.004970886077940709 0.9554254090345745
1643091455.996195 6.909093176362528 -0.04928001589443977 -124.62560149464375 -0.0504786748982893 0.2901086140777646 0.007774307726009888 0.9556298737261057
1643091456.096245 6.900474810426471 -0.06712806306720538 -124.61349928263577 -0.04080833765042604 0.2900487285634645 0.015730322809076068 0.9560120143498453
1643091456.196065 6.792641734013708 -0.047624778822222734 -124.62166282211022 -0.04958586869456516 0.290405802101184 0.01505722027156267 0.9554993416269144
1643091456.295831 6.626658586095924 -0.05005681601291397 -124.62319821542489 -0.0438841920820563 0.28973961180141444 0.02030073027246799 0.9558833691349983
1643091456.395523 6.47911844512725 -0.0403855494326637 -124.61702381613378 -0.04112331769212886 0.2900370112595527 0.02450019367924136 0.9558175272254102
1643091456.495373 6.467521230581833 -0.029828562842127183 -124.62042620464399 -0.05386924346770182 0.29131483316740403 0.022540140929246676 0.9548432932328502
1643091456.595296 6.370320388440446 -0.02315429738878578 -124.61912338761371 -0.054018183204452626 0.28989472073547967 0.022529927057876892 0.9552672344217377
1643091456.695233 6.386632030602693 -0.04229757384100689 -124.61950769503731 -0.0441922326699382 0.28883565666544947 0.025436125788984475 0.9560198813388411
1643091456.795242 6.2269531379408845 -0.03186353808530097 -124.61447627883733 -0.04548595706910575 0.2908075757303081 0.0261227257941144 0.9553426530855064
1643091456.89524 6.055319032646706 -0.0016215946394196878 -124.61314904000771 -0.05479591089456265 0.29121607147089484 0.02441182210517506 0.95477467017501
1643091456.995277 5.953801997404133 -0.013922560788236178 -124.61536356204498 -0.041746262373175115 0.28868731100590783 0.025311830354719452 0.9561779108963678
1643091457.09551 5.911047226591672 0.002317201884825107 -124.62329148322941 -0.05201492353393703 0.2898347897084981 0.01993999933127801 0.9554541531811236
1643091457.19557 5.726956437637015 0.001988670255415069 -124.61889201850283 -0.042663408333707055 0.2895859178232437 0.02141993827938592 0.9559607816390421
1643091457.295666 5.646147031321751 0.008125883947527945 -124.61361921778908 -0.042260606424325164 0.2912869796617684 0.01957032711387575 0.9555014070742275
1643091457.395761 5.577053827367137 0.01298425553712286 -124.6167547570151 -0.04079799568716813 0.28639014488737463 0.019221447559961177 0.9570510667738675
1643091457.495845 5.449644824846906 0.03714204991048462 -124.62307601737025 -0.048992807705284046 0.28990726686459006 0.017210328593955833 0.955644958131389
1643091457.595951 5.402936084790753 0.04272077510590164 -124.62320468822368 -0.04903089992218789 0.2899267920148083 0.017095097119905065 0.9556391493546523
1643091457.696064 5.294336749780508 0.053939750191426473 -124.61970500891069 -0.04878688248256651 0.2918707069433994 0.01469737780531922 0.9550996375308916
1643091457.796068 5.199436981162664 0.06590525512623419 -124.61529629742358 -0.05026456768115539 0.29000359695166045 0.013883380872208214 0.9556038084512235
1643091457.895947 5.066951514300905 0.07877426458699319 -124.62304308983394 -0.05151386658007987 0.2873135202602624 0.015860133074266407 0.9563188374200794
1643091457.99577 4.98227100088015 0.08484623208356802 -124.6187007935664 -0.050280120288314085 0.2910279474378449 0.019414318671671472 0.9551951253772302
1643091458.095733 4.837448246487235 0.09620749307983151 -124.62083205214888 -0.05092426002954796 0.28816527978829043 0.021401604723735455 0.9559861204956003
1643091458.195601 4.839793155896852 0.09597759283374782 -124.61949833278716 -0.051711994044613144 0.28901939957946116 0.021920604354247107 0.9556741826812117
1643091458.295583 4.709160014627812 0.10826361089340056 -124.61804638176525 -0.05664926836832701 0.28949566636029994 0.018472642318206736 0.9553229197699188
1643091458.395584 4.605724416766994 0.11227984944381154 -124.62686097306404 -0.0498120156420624 0.28877322811402184 0.022148912773187167 0.9558442401799824
1643091458.4956 4.57761450137605 0.11600699424453498 -124.6183220327096 -0.04979764634456319 0.29213244401084487 0.01762607645400683 0.9549178765755879
1643091458.595594 4.4938177124857 0.1297821727028586 -124.62178807651091 -0.05299693269244469 0.29138157921236285 0.01894016091687044 0.9549499310044193
1643091458.69561 4.357292894787545 0.13469536330562923 -124.62429868136587 -0.047928054405378895 0.28944511004642604 0.017744822235284556 0.9558292479072639
1643091458.795677 4.24672228421347 0.14011115608303215 -124.61620363084768 -0.04498437383079248 0.29085360035215413 0.017893855493781693 0.9555419400574777
1643091458.895703 4.143594781062921 0.15906224724575324 -124.63131853279103 -0.04724652245718674 0.2908014888902861 0.01443308324301956 0.955507167049518
1643091458.995717 4.052159812571384 0.17279516079145735 -124.61898448574169 -0.04899893378119827 0.2909551399210877 0.012308284734643545 0.9554018616104415
1643091459.095934 3.958873704706717 0.1849323448836564 -124.62246437341383 -0.0544227735143071 0.2893446129953298 0.011184924818582541 0.9556111940064306
1643091459.196047 3.8631618791706637 0.18676552762125945 -124.62425478167432 -0.04802881146262973 0.2893563194396331 0.01366490633299788 0.9559181052813817
1643091459.296272 3.7757853569036404 0.197849050904476 -124.62078809034422 -0.05401534847237226 0.2900919289852033 0.01450748996237457 0.9553630449216902
1643091459.39655 3.6849069607703293 0.20333915684981219 -124.62686933198628 -0.052166029612755176 0.2900051535499835 0.015265171360771029 0.9554803455917961
1643091459.496744 3.586847836968665 0.21061892542345179 -124.62209650409703 -0.05308726777769661 0.2900642361198833 0.014710923615144155 0.9554203627987405
1643091459.596821 3.493847442791999 0.2136859453466701 -124.62056224849559 -0.05008189166330578 0.2913125032574778 0.0113800925739411 0.9552483044037793
1643091459.696661 3.4000174055906665 0.22434891869376783 -124.62591594959831 -0.05189434630868403 0.29073024743333303 0.011542559134414378 0.9553269960475188
1643091459.79643 3.3145433002343734 0.2305701772933055 -124.6208552370728 -0.05229266616875344 0.28983926183667075 0.010507816811996482 0.9555879159704683
1643091459.896187 3.2284893469182347 0.22906415916832737 -124.62353830349737 -0.04608349180684761 0.29077827996450406 0.009889330876057716 0.9556288530693267
1643091459.995939 3.135710361348803 0.24086164062245627 -124.62226545169234 -0.05184852064800364 0.2910801379078144 0.009779847581457236 0.955242607301132
1643091460.095781 3.0489935472773153 0.24622359012031045 -124.62388143291149 -0.04701160870255754 0.2912485492488985 0.008203397985264408 0.9554563807255174
1643091460.195519 2.959453787226285 0.25568878985633614 -124.62301433447215 -0.049358703778060724 0.29153728788929495 0.008167944960268346 0.9552502357009026
1643091460.295318 2.864532004888295 0.2647458753693559 -124.62002162585176 -0.050910274682691506 0.2905621896716614 0.00658976994375067 0.9554780650527938
1643091460.395205 2.778338979576469 0.2715276280802452 -124.62016754403253 -0.050989392551009524 0.2909492815442291 0.007578748625247149 0.9553487111968337
1643091460.495131 2.691675874697765 0.2792959462230459 -124.62481743113878 -0.0519771343661115 0.2909559444244038 0.00861365380156992 0.9552846805405063
1643091460.595129 2.6046779500522472 0.28461893930220594 -124.62564530283801 -0.0517857346890862 0.29084832838707875 0.009278716938138028 0.9553216175556457
1643091460.695141 2.510559707682058 0.29367950457177905 -124.62000285163998 -0.05193517454178135 0.290438830839107 0.010417406407260311 0.9554263450574687
1643091460.795212 2.4221626825600726 0.2993277955650967 -124.61885585286193 -0.05366684389852247 0.2909377991709988 0.011244322578439617 0.9551694258555699
1643091460.895252 2.33665651907964 0.30806119940225984 -124.62428992550649 -0.054414626078616656 0.2909370926218887 0.013057124564115508 0.9551042708016565
1643091460.995329 2.2486957344546576 0.3142322421975822 -124.62748256968561 -0.05425009721705962 0.2900792458341648 0.015080414958291424 0.955344722690667
1643091461.095552 2.159742709698794 0.31798357438467356 -124.61992027375825 -0.05374228039412538 0.28999747500733286 0.018102874920310305 0.9553457581980622
1643091461.195639 2.0718234402740334 0.3226017106100353 -124.62719078319742 -0.05656299918868766 0.2901288910272738 0.0208585063600004 0.955086789996854
1643091461.29578 1.982134480045644 0.3256540849149362 -124.62871556468328 -0.054895061563507756 0.2898226565301422 0.023291629959176302 0.9552208435495922
1643091461.395926 1.8890951876398248 0.3267727447070842 -124.62656498225628 -0.05735256278231405 0.2890215624972238 0.026443330060623507 0.9552371277590026
1643091461.49598 1.7994066695240016 0.33187190376425735 -124.62800503061779 -0.06127207326347417 0.2911510994128367 0.03383579398793828 0.9541131533491706
1643091461.595954 1.7083146050823432 0.33248436404889253 -124.62606822823496 -0.06242763174165487 0.2889752430362798 0.03673122314479839 0.9545925397537625
1643091461.695809 1.6250114707376977 0.32997479859586853 -124.63150880235284 -0.06424758879329473 0.2891593307970823 0.04563314592115751 0.9540318363349147
1643091461.795575 1.536657834689012 0.32392945877966 -124.62526382149466 -0.0650231835840305 0.28853964862965503 0.056432289767370664 0.9535891428895802
1643091461.895317 1.4438370120608344 0.3163523670966814 -124.62296755059397 -0.06759898328628879 0.2878584915996991 0.07052132347879628 0.9526775998245183
1643091461.995185 1.3567834933219707 0.30366653803098015 -124.62469038743352 -0.07158422490640455 0.28606957991728044 0.086989508857098 0.9515633029595566
1643091462.095375 1.2678289891070091 0.29399433105884787 -124.62307361550697 -0.07491097947619794 0.28733772470171476 0.09586962858331312 0.9500707296998765
1643091462.195594 1.181376526380002 0.27712966796156807 -124.6203710783742 -0.07850506197246569 0.28339728392814795 0.11552465557391868 0.9487765746799272
1643091462.295919 1.0995425132580579 0.273806979280038 -124.62827061040817 -0.08365247072594614 0.28471732796542853 0.12633229489846431 0.9465613865795282
1643091462.396307 1.0106216142993245 0.25819560810125025 -124.62461664788606 -0.08890278119874931 0.2823922217650987 0.1421057409989359 0.9445405692487974
1643091462.496647 0.922937882933546 0.23816519967866903 -124.6219150415797 -0.09367790260793572 0.27867595348766167 0.16560689136464535 0.9413493087283059
1643091462.596863 0.8428398706550696 0.2194756626302215 -124.62850905832772 -0.09926898711006431 0.27985762559068655 0.17757623434646722 0.9382388068035842
1643091462.696921 0.7647508785671152 0.19393522268524446 -124.62265018699685 -0.11079509745717128 0.27685585910144805 0.21276580314391202 0.9304869653429764
1643091462.796838 0.6852309006637699 0.157393951042379 -124.62171077292035 -0.11316150048762737 0.2700653621440461 0.23385304842159552 0.9271310191776139
1643091462.8967 0.6118136814858796 0.14089421149198536 -124.62666321568965 -0.12205859715482494 0.26983968071653336 0.2592772568816314 0.9192733813373103
1643091462.99659 0.5344404855173671 0.07922547080083188 -124.62279731361625 -0.13021602427099102 0.2674455482527379 0.28383147058280817 0.9115680786697447
1643091463.096565 0.458828126250134 0.0357516641776661 -124.6211255236822 -0.13894807602648887 0.2607005320602605 0.3096551129094717 0.9037933258223677
1643091463.196482 0.38302482188198084 -0.009691638461259672 -124.62313195880682 -0.13885612330477243 0.2613514953908154 0.3100195530572761 0.9034944657273343
1643091463.296311 0.3127995474353432 -0.06329153327194004 -124.62414280016341 -0.147064984579426 0.2568193869001589 0.3395423263911804 0.8928195234266245
1643091463.396145 0.24510418034763648 -0.11688418319655522 -124.62487560267405 -0.15287265469174197 0.253133242179565 0.35907797892771504 0.8852211690873352
1643091463.495951 0.18532254664753534 -0.1767751447058984 -124.62110931800886 -0.15957484592091023 0.24868962489225846 0.3874313897114568 0.8732618492104843
1643091463.595848 0.12242323249317166 -0.24056406909734357 -124.62053457495472 -0.1681569139032486 0.2441410578955586 0.40837544300586653 0.8633353309728122
1643091463.695704 0.061674424810664374 -0.309002365222506 -124.62762072618911 -0.17122640381113527 0.23915765162072386 0.4261580999131369 0.8554965868941801
1643091463.795663 0.012821529731244691 -0.37548731941988506 -124.61934951208646 -0.17604641590709416 0.23452154451456442 0.4526700646367272 0.8420790445003075
1643091463.895639 -0.03295746222980076 -0.4510549728285017 -124.62199514658326 -0.18504360142934115 0.22835824982241906 0.47134351226667176 0.8315327225985871
1643091463.995708 -0.06999167720847023 -0.5286855178585866 -124.62722270013764 -0.1880402099529321 0.2249854550852272 0.4915064426365514 0.8200267320567743
1643091464.095962 -0.10399921631924883 -0.5949158295151837 -124.61967256038216 -0.1931780408765628 0.2224311872951944 0.5120778382339384 0.8068351126662743
1643091464.196069 -0.13875343810077628 -0.6362312280309039 -124.62342828630197 -0.2013512214314692 0.21610384022543758 0.5272604243106204 0.7967140395547568
1643091464.296087 -0.17047691729051997 -0.72586572978103 -124.62712549953713 -0.20249644027234898 0.21218279802810494 0.5438143322134921 0.7862821529051673
1643091464.396119 -0.19552611603079964 -0.8114265144609337 -124.62356613599975 -0.20610220173199315 0.20813912651589622 0.5602574960554806 0.7747977313906305
1643091464.496072 -0.21194115761899857 -0.8588033140577439 -124.62013601481972 -0.21061437580364564 0.2041224852262182 0.5747904658242768 0.7639316174419173
1643091464.596009 -0.230025366384763 -0.9813986248814663 -124.62402426612422 -0.21567243290599256 0.19872774567928864 0.5966635909022782 0.7469840989426998
1643091464.695984 -0.24324247692204584 -1.0595786824429665 -124.62142228022682 -0.21927060701257362 0.19660976438416328 0.6102544833935306 0.7354280841436751
1643091464.796057 -0.2564665418888732 -1.115765095616224 -124.62244424854903 -0.22184050541895042 0.19363284675705017 0.618568312659575 0.728468498554132
1643091464.896139 -0.2745809279272121 -1.2097135738430853 -124.62697916732611 -0.22555985692719538 0.18950388775975963 0.622137289073643 0.7253662667997582
1643091464.996135 -0.27560342947620986 -1.2959247439948705 -124.62085406476902 -0.22503193916209638 0.19089162097004922 0.6357696894242943 0.7132446406456272
1643091465.096313 -0.2869035504289725 -1.389716438696287 -124.61808740656969 -0.2290152529705133 0.18578628082388257 0.641520810818771 0.7081571301984524
1643091465.196334 -0.292908003999284 -1.4776750723829442 -124.62893293605484 -0.22870802150276107 0.1811624675050225 0.6472748893431147 0.7042073692412221
1643091465.296334 -0.28655399403990844 -1.5696864944927003 -124.62076759362223 -0.22874259855786583 0.18679446827644172 0.6544268742027097 0.6960676091785821
1643091465.396312 -0.3032920672980028 -1.700956983005195 -124.62283874545466 -0.23402727052471284 0.17911511869191696 0.6554770261184301 0.6953408366676535
1643091465.496257 -0.2892009079479641 -1.7529771463815595 -124.62009515891978 -0.2314886708186058 0.18055256638166364 0.6672078314988089 0.6845783195824179
1643091465.596334 -0.2897208331931715 -1.843653534356462 -124.62123274543947 -0.2331951514943401 0.17971402004104414 0.6694865019760267 0.6819902609217544
1643091465.69646 -0.30398890603474016 -1.9334351115964372 -124.62609833684802 -0.23830026697589593 0.1730447227996097 0.6775515774937333 0.6739379544929759
1643091465.796664 -0.2925637219840947 -2.065423407704784 -124.62137419828238 -0.2363411864136508 0.17602113239314737 0.6817003667581766 0.6696596258677908
1643091465.896839 -0.2946538926640426 -2.1136478356984356 -124.62484026745663 -0.2372213702776148 0.17378442094190294 0.6833832675089757 0.6682157632159346
1643091465.997006 -0.29958404142565054 -2.213729775725776 -124.62434547118286 -0.24041754767776424 0.17123469567646732 0.6876774392456759 0.6633082400496073
1643091466.097143 -0.3093959801458959 -2.3033384164516697 -124.62398497751637 -0.24258563791747936 0.1693485514768559 0.6899280892607528 0.6606606602771704
1643091466.197073 -0.3221459877165751 -2.4438282589864118 -124.63333763944783 -0.24652213269125514 0.16071522741090769 0.6997698302022961 0.6509375073770638
1643091466.296955 -0.3055578547723525 -2.493566672772849 -124.62435576701354 -0.24432271855122817 0.16688422533125374 0.7053105264522709 0.6441996009087131
1643091466.397001 -0.32193474742318223 -2.5859442937070165 -124.6223023652948 -0.24901042520476727 0.1591539302726744 0.7084948890600763 0.6408578834607964
1643091466.497002 -0.30503770888260545 -2.6797962607954067 -124.62614516857454 -0.2428404446597495 0.16421316426227625 0.7132554011990216 0.6366547634164441
1643091466.597054 -0.3075069526966687 -2.7752681401532113 -124.6218310623778 -0.2432665959726103 0.16321414014562513 0.7127016211390932 0.6373687370479756
1643091466.69718 -0.3205582806537073 -2.868360819423443 -124.62340979466858 -0.24774618288901307 0.1601565055901703 0.7108871750428627 0.6384443178074717
1643091466.797326 -0.30950509338910676 -2.962361770881977 -124.62177405351795 -0.2446461371403472 0.1666723521162815 0.7104567190544223 0.6384511296667573
1643091466.897406 -0.32221942020208494 -3.0524943623297984 -124.62263028528498 -0.2482937363452038 0.15932838387541293 0.7092941145899371 0.640208204876714
1643091466.997309 -0.31455367415767904 -3.1538070673911625 -124.62739491077927 -0.24319006045939953 0.16375548441596177 0.710715109335055 0.639473822122773
1643091467.097297 -0.31566215663235886 -3.2433649531829585 -124.62178599937869 -0.245043684086304 0.16593425277130686 0.709000260340738 0.6401078405108044
1643091467.197125 -0.3186728899216553 -3.341753432709267 -124.62233462509319 -0.2437023065532842 0.16239636995594428 0.7083809981776126 0.642209441091168
1643091467.296934 -0.3345706216997302 -3.4390560489592628 -124.62858821476549 -0.24975613135377495 0.16007176179001611 0.7064595862774479 0.6425836590556387
1643091467.39684 -0.33390230337749366 -3.531850278391427 -124.6203296655688 -0.25112918949424734 0.15894069075057324 0.7057860123423153 0.6430692744873029
1643091467.496765 -0.33070644616580047 -3.6242425177272004 -124.63099550546787 -0.24507962839444494 0.1603347102883382 0.7046169956105582 0.6463309105400621
1643091467.596827 -0.3249710011973638 -3.7146266559283214 -124.62314681514356 -0.25077256525675473 0.1632301924123216 0.7015457540851171 0.6467631558188264
1643091467.69688 -0.31959263222453127 -3.8104226123453127 -124.62400340329906 -0.2474341623715245 0.16060085726554185 0.7029913653212476 0.6471374198891943
1643091467.79692 -0.31637963163988886 -3.9057695424492147 -124.62414367317513 -0.2484686990127145 0.16055521709811962 0.7027566372198567 0.647007292630418
1643091467.896918 -0.30968206266679327 -4.000520080865948 -124.623592928051 -0.24705627215445647 0.16164158641651066 0.7037168524411856 0.6462335394578088
1643091467.996973 -0.27678250584774694 -4.0520748748899855 -124.62308803557556 -0.24078588046888302 0.16565664253474402 0.7058783641092944 0.6452253649953071
1643091468.097176 -0.2957559131193908 -4.140018629662972 -124.6162181505546 -0.24851224499397356 0.1606043037699401 0.7042615032284176 0.6453399544186594
1643091468.197148 -0.2929387814690413 -4.230207001978472 -124.62557198777046 -0.2487337472508633 0.16037900255853785 0.704421599472789 0.645135883913668
1643091468.297046 -0.28989160701295097 -4.339936739818875 -124.62913039491785 -0.24875088194146225 0.16159628491359848 0.7061556827515638 0.6429259608641891
1643091468.3969 -0.26806190765510873 -4.427572858474883 -124.62241515882607 -0.24254488430119692 0.16540891335748006 0.70691510474629 0.6434927390132373
1643091468.496736 -0.2840466138985969 -4.519154171577009 -124.62738952998642 -0.24701746278992429 0.1616225775770122 0.7041095000928835 0.6458253071637411
1643091468.596605 -0.26798920475046667 -4.668455006193557 -124.62348401038794 -0.24273945653423493 0.16515441725464958 0.704006157422654 0.6466659918487524
1643091468.696451 -0.2823429443165104 -4.707763516606041 -124.62141642347143 -0.24818812532088655 0.16202849041038958 0.7005838800959381 0.6491006468143092
1643091468.796227 -0.27792773920740277 -4.749030837979235 -124.62700641692797 -0.24851320201840343 0.16393032156069326 0.6999585870046828 0.6491733316872897
1643091468.895894 -0.28146476791733516 -4.856208384571649 -124.62857631565707 -0.24633950797656864 0.16461191115800392 0.6996815537484695 0.6501272866592349
1643091468.995634 -0.2846916378258172 -4.973696514739004 -124.62420063137411 -0.24659346192671475 0.16435951063958923 0.6986436075540654 0.651210200642737
1643091469.095672 -0.2891526574076699 -5.142040021200488 -124.62347538347396 -0.24741813286475892 0.16385326235648862 0.6977135979772081 0.6520215572682785
1643091469.195672 -0.28907892945392044 -5.197950410133521 -124.62359992506921 -0.2468755810266587 0.1643362197089481 0.697731981258949 0.6520859887415033
1643091469.295753 -0.2939114576851509 -5.332239678421803 -124.62279846402834 -0.24745358678535703 0.16563284654263033 0.6975666964644598 0.651715571792563
1643091469.395838 -0.30277192615606546 -5.4497393604550854 -124.62741402056868 -0.2483432482457511 0.16646832776772816 0.6976299119838688 0.6510963314336402
1643091469.495982 -0.30596124735061975 -5.5283912777392805 -124.62960674954222 -0.24640499501453964 0.16624118165333163 0.6986075193078202 0.6508425169892961
1643091469.596201 -0.31373668105214647 -5.6192415362577774 -124.62084081643917 -0.24770233987637386 0.16398066981329196 0.6979662225300863 0.6516111132834028
1643091469.696366 -0.3193964495329435 -5.72044153615953 -124.62633193736237 -0.24903509253556264 0.1629136010838297 0.6988037653701367 0.6504721199038599
1643091469.796449 -0.3247496035991398 -5.858765226237792 -124.63013241067146 -0.24652700791822277 0.16367970103310234 0.7003992162548819 0.6495185353060757
1643091469.89643 -0.3285503646144509 -5.950640495170987 -124.624895014775 -0.2481685716697196 0.1626527848236032 0.7014069947094002 0.6480622342007483
1643091469.996451 -0.3300469972459372 -6.0348835718600045 -124.63685212274059 -0.24837208176631118 0.16251820002169792 0.7022540825551381 0.6470999514722726
1643091470.096551 -0.33523964678536555 -6.123704783247267 -124.62087113665447 -0.24724638936999763 0.1616513485200251 0.7027974846435329 0.6471582187099846
1643091470.196522 -0.33654131359304534 -6.19488256910447 -124.62514764547058 -0.24963378443705858 0.1637722779570204 0.7026848866075143 0.6458293619631935
1643091470.296448 -0.3427561939738668 -6.28992625752846 -124.62831405864651 -0.24801570731451866 0.16357924248968944 0.7028715464405467 0.6462984059674389
1643091470.39639 -0.3469977154542492 -6.370600812324692 -124.61962567897805 -0.2483814247179852 0.16228360918501117 0.7035640974737467 0.6457307943647279
1643091470.496315 -0.3568086044510216 -6.47754135800397 -124.62087997948092 -0.2493499225740148 0.16242963454731446 0.7042742243340643 0.6445456127162846
1643091470.596338 -0.3592217551757507 -6.521985135813921 -124.61817781745734 -0.24936298132234405 0.16275249286956378 0.7050450808428328 0.6436156955746948
1643091470.696345 -0.36912796567157846 -6.664944333248108 -124.62293975048232 -0.2512529536033749 0.16260890053680477 0.705181828849798 0.6427665882976854
1643091470.796293 -0.3766327640297992 -6.768901983378835 -124.63051796142295 -0.249006911178208 0.16193465241839863 0.7065742140300032 0.6422815633345735
1643091470.896261 -0.3830107469080955 -6.880474982682975 -124.61900928119576 -0.24984426771763416 0.1607699301418227 0.7075544534604263 0.6411689066378297
1643091470.996258 -0.3826129218438847 -6.917554132371157 -124.62233651631 -0.25071434600614984 0.16079373163903543 0.7088398019990386 0.6394011476954559
1643091471.096339 -0.38656417201993454 -7.035110573275227 -124.62523492883112 -0.24977370121923348 0.161079091006291 0.7095914918187664 0.6388634747410825
1643091471.19627 -0.38760391983859077 -7.1295335873308865 -124.62645262220983 -0.2502186145268252 0.1597344040729657 0.709551195889709 0.6390717217270799
1643091471.2962 -0.38830133033726516 -7.238016081360413 -124.63129005733727 -0.249055996971437 0.16144750315441464 0.7095658049607912 0.6390791676530484
1643091471.39615 -0.38592263440907726 -7.316515331464834 -124.62352612154335 -0.24757739140232762 0.16129915835996347 0.7105366490624935 0.6386123136284088
1643091471.496132 -0.3889250047871956 -7.358662115474007 -124.61909637495916 -0.24938324650819088 0.16052545519544661 0.7103095153608422 0.6383572408794116
1643091471.596242 -0.39209061041272164 -7.494092351639698 -124.62144336458421 -0.24856246710956556 0.16050835017721463 0.7107405340809131 0.6382018980559155
1643091471.696398 -0.3861773475006633 -7.614849864528893 -124.62761812198016 -0.24417470894860205 0.16435906701672579 0.711498190719248 0.6380714170079189
1643091471.796547 -0.3963152014744819 -7.656947294122059 -124.62415592707683 -0.24902315219029142 0.16067166295392465 0.7095935405210546 0.6392566727439188
1643091471.896615 -0.3949058937809736 -7.764232209942187 -124.61927352232708 -0.24551715250816314 0.16481515833807717 0.7095904408110726 0.6395613322550273
1643091471.996608 -0.40263203983932594 -7.859611187053714 -124.6161969427807 -0.24920608372181174 0.16101506000416257 0.7084124061823194 0.6404079489316711
1643091472.096575 -0.4059822314297312 -7.96712099906957 -124.62149909756957 -0.24759662048584538 0.16115333651470565 0.7088579820124108 0.6405043926402526
1643091472.196464 -0.4039893266181917 -8.054603681700238 -124.62351658717164 -0.24612444815667112 0.1625216886245887 0.7089549393209156 0.6406187249516387
1643091472.296378 -0.409797906262238 -8.181512286945905 -124.62399664764659 -0.2470509432072061 0.1617379215761957 0.7080515861193597 0.6414589835511706
1643091472.396302 -0.410830457856685 -8.241933599217711 -124.62133150843147 -0.2485835391741803 0.16117964905566606 0.7067512731845377 0.6424406452225497
1643091472.496187 -0.411332071226485 -8.312700457028951 -124.62915651812325 -0.24712780340461796 0.1613860109317721 0.7075413073377839 0.642080760240235
1643091472.596063 -0.4190756214572544 -8.43857117713956 -124.62891726643176 -0.24658035797800318 0.16099549002944694 0.7065463584577121 0.6434833506779832
1643091472.696005 -0.40958651812118735 -8.467097524991551 -124.62453180455023 -0.24138904568998593 0.16521937832751557 0.7073878207547768 0.6434565693920258
1643091472.795945 -0.4281351808928345 -8.611050478558091 -124.62095510510164 -0.24673739405328143 0.16150597956298524 0.7050446371839536 0.6449407232601639
1643091472.895922 -0.43624581651928807 -8.712951941831562 -124.62531188264118 -0.24809625699691032 0.16254833823744796 0.7033851432511123 0.6459687494406982
1643091472.995886 -0.4315644509929622 -8.774876509066576 -124.6281254724293 -0.241715246145572 0.1668038042030974 0.7045392783442699 0.6460453822714747
1643091473.096036 -0.44195267872550664 -8.849223048263319 -124.62383478213583 -0.24630141091441404 0.1633299237913544 0.7036798914493321 0.6461374167665385
1643091473.196168 -0.4490239839306058 -8.927549273647186 -124.62467264505032 -0.24753390337208242 0.16184375928364939 0.7044038496128693 0.6452509441394775
1643091473.296295 -0.4505129519059323 -8.96873661705883 -124.62607650820375 -0.24710655897808628 0.16312557569612732 0.7055905897400186 0.6437936895731033
1643091473.396507 -0.45278164186970654 -9.025710264084745 -124.62141843166417 -0.24995703943667255 0.16210910230369197 0.7055863071576364 0.6429541823007253
1643091473.496718 -0.4503725119047023 -9.211776754495679 -124.6303140672434 -0.24259424909421903 0.16640913821894115 0.7073635474168405 0.6427229891714662
1643091473.596961 -0.46325679948762677 -9.33910846560492 -124.62125901505047 -0.24641394626789312 0.16246310863649582 0.706050465565023 0.6437224910567164
1643091473.697222 -0.4648283586027648 -9.376684511088524 -124.62155178716603 -0.24711562244886617 0.16315425627885535 0.7042202707429415 0.6452816191978051
1643091473.797314 -0.4717655158170125 -9.535388992576225 -124.6194430404412 -0.24718467834968508 0.1645442465611738 0.702832910384956 0.6464138193081818
1643091473.897167 -0.4764334647216719 -9.607879968399885 -124.62343046242937 -0.24833222707693886 0.16436001602709577 0.7022411248014966 0.6466639720628553
1643091473.996897 -0.47775899822301393 -9.761715348163166 -124.62778097635044 -0.24186131438450661 0.168555938817836 0.7034335023475402 0.6467405259209522
1643091474.096789 -0.4792294881045446 -9.831481116215437 -124.6223139858368 -0.24207807083634875 0.16888067720127511 0.703062383018055 0.6469782145274785
1643091474.196592 -0.49682797814178553 -9.957355718797325 -124.622987589141 -0.2483226705038816 0.1638710590778459 0.7014681744918859 0.6476299309679463
1643091474.296447 -0.488716260210555 -10.035682327430692 -124.6272738478779 -0.24067519430374645 0.1691512339316421 0.7025854011704447 0.6479483505407063
1643091474.396383 -0.5053363357636798 -10.147882732460102 -124.61959495026674 -0.24687238306201753 0.16455392670959865 0.7016987236994796 0.6477614783577779
1643091474.496264 -0.4983382596974349 -10.22113955061043 -124.62746433428605 -0.24124857156987084 0.16898148942686 0.7019869168663208 0.6484279077084008
1643091474.596269 -0.5134847872137169 -10.326044342680019 -124.62358137851707 -0.24683980311652984 0.1638478968651144 0.7014790261344697 0.6481906773347698
1643091474.696308 -0.5210127470219091 -10.42652321170734 -124.62140577507446 -0.24683249392519604 0.16431042998006487 0.7009816372176945 0.6486143282614368
1643091474.796292 -0.5077648120740524 -10.438501266821923 -124.62540678902388 -0.24073462605368565 0.1690767357755936 0.701559485007042 0.6490563813991171
1643091474.896202 -0.5219788036550294 -10.531481847118977 -124.62004740947796 -0.24668606915152627 0.16430716454176472 0.7008197659247369 0.6488457402618982
1643091474.996114 -0.5179297386214569 -10.629651829158888 -124.62357515696311 -0.24065985340223367 0.16871456438370194 0.7010569908511619 0.6497209603390881
1643091475.096137 -0.5268554294887583 -10.700488390535565 -124.62654365977495 -0.24355110035793562 0.16724041159380837 0.7011596188185899 0.6489134728009135
1643091475.196012 -0.5323446884576245 -10.817968960107986 -124.62657402840838 -0.2409423271459358 0.1698213091198959 0.699440948269525 0.6510682589729998
1643091475.295945 -0.5372826017586474 -10.868072362427991 -124.62340613736293 -0.2401855386654151 0.16985531099293993 0.6983263398008812 0.6525338332100491
1643091475.395872 -0.5602140411222706 -11.080204165625373 -124.61905621339828 -0.2457452517972853 0.16637348405719826 0.696366881120518 0.653454131443241
1643091475.495769 -0.5561688775455347 -11.111692315819997 -124.62673428084736 -0.23987634893384657 0.16880461533542093 0.6973141587481756 0.6540009962323851
1643091475.595749 -0.5647227852394575 -11.253176790804984 -124.62844933987326 -0.24048298035102283 0.17088309125270232 0.6975250680943864 0.6530127752696204
1643091475.695764 -0.574980931895935 -11.354495301733067 -124.62335497950308 -0.24150575902960383 0.16860961861104554 0.6975849319785843 0.6531623286318696
1643091475.795834 -0.579362289584791 -11.41343526059444 -124.62471360726553 -0.24038386091206204 0.16952224874433233 0.697770575098453 0.653141662367705
1643091475.896017 -0.601737488815868 -11.561919632585118 -124.61952437131775 -0.246410454376061 0.16440830868472658 0.6971392899555243 0.6528771755927129
1643091475.996142 -0.5975871553836879 -11.61556453734273 -124.62406224745231 -0.24164543750336898 0.16782577748158692 0.6974780641697397 0.6534266148149606
1643091476.096311 -0.6035498227018575 -11.74834140689058 -124.62614505901475 -0.2409445391139639 0.16805076965601654 0.6987017165338848 0.6523193843523148
1643091476.196246 -0.6138927010556613 -11.834063660573733 -124.62324970898923 -0.24293460320708904 0.1676429361910412 0.6994954787797789 0.6508338495165327
1643091476.296156 -0.6170634075362031 -11.91910839172851 -124.6206704885291 -0.24106179772862887 0.16949212317673606 0.6990966070898601 0.6514795191042689
1643091476.396201 -0.6327699037420984 -12.021465957727493 -124.62100494804055 -0.24366051653645376 0.167055842178927 0.6972493520139308 0.6531196210429079
1643091476.496059 -0.6486198539117557 -12.066569864014523 -124.62603310109263 -0.24442473466109982 0.16667783055503876 0.6950281723772951 0.655294505920196
1643091476.595903 -0.6499618517541972 -12.205899755162806 -124.62604503048726 -0.23982194611568647 0.17033080942965032 0.6954264994959465 0.6556331545301375
1643091476.695724 -0.6693244262109672 -12.359415853018096 -124.61837999710092 -0.24267116709541084 0.16806706947872732 0.6930938501995721 0.6576359780554261
1643091476.795504 -0.6853896607534811 -12.476524254261664 -124.6217436518199 -0.24502222329989326 0.1663187142337187 0.6923430596894118 0.6579994552313272
1643091476.895337 -0.6896737034892022 -12.498304719610829 -124.62278413224955 -0.24394137629933407 0.16825358142985344 0.6911701356657368 0.6591412449763868
1643091476.995149 -0.7043379909045566 -12.647974247811424 -124.62119588568449 -0.24361879290275135 0.16795670414872407 0.6897625973903343 0.6608085868974797
1643091477.095266 -0.6954411057412601 -12.711474097394143 -124.62281195237655 -0.23818363162620146 0.17165647062403167 0.6918620321420766 0.6596434962906033
1643091477.195446 -0.7146523172288375 -12.792138674372906 -124.62082374756048 -0.24315360939483385 0.16771493357736014 0.6894875259836096 0.6613281899378004
1643091477.295703 -0.7152918600243099 -12.860870445984881 -124.62193461896132 -0.2374065418792235 0.17315776950364994 0.6891913505656636 0.6623215254232235
1643091477.395937 -0.7355078288519776 -12.960851361785888 -124.62135289271383 -0.24268850790294516 0.16904302195543988 0.686829636416634 0.6639215280436455
1643091477.496059 -0.7392403060630983 -13.059722425471096 -124.62795220717072 -0.23707775235261455 0.1739819009482194 0.6858972611613369 0.6656345728800851
1643091477.596216 -0.7579511299236839 -13.185466755475302 -124.62534112986332 -0.2403342074917902 0.1727990506352558 0.6830727585055907 0.6676762414497092
1643091477.696139 -0.7790229699840445 -13.31148345971116 -124.61991732114818 -0.24116805382297635 0.17054004188078306 0.6805673028658996 0.6705089188074783
1643091477.795996 -0.7787571935018185 -13.337189401812056 -124.62732190701416 -0.23574964249715005 0.1757409112487838 0.6803819672716689 0.6712805797782674
1643091477.895883 -0.802186951295005 -13.45187290383485 -124.62482790521227 -0.23863067639105345 0.17205616256317163 0.6778357981891082 0.6737883257392623
1643091477.995641 -0.8137015908471725 -13.574223892880102 -124.6233448773944 -0.23767098394754727 0.1733272660970628 0.6776917229083113 0.673946652872679
1643091478.095534 -0.8232288407513819 -13.623461784474264 -124.62496894586862 -0.2373076734850665 0.17403496974961966 0.6773393053641342 0.6742465148728513
1643091478.19539 -0.8509410418837874 -13.797323264182928 -124.62172837052204 -0.24106431843302187 0.17185387709452812 0.6764036512074928 0.6744125888053796
1643091478.295199 -0.8598318420199424 -13.817131375693542 -124.62598037918487 -0.23977453713002875 0.17105014010161615 0.6808672725735168 0.6705742151720406
1643091478.395115 -0.8789160016558444 -13.969033522097517 -124.62209442817563 -0.24219344088590247 0.1702083552890235 0.6839261394477492 0.6667956874198799
1643091478.495033 -0.8964436911963136 -14.08753472153501 -124.62516196366303 -0.24124319184414722 0.1673197803836806 0.6873359034305848 0.6643607223011206
1643091478.595078 -0.908774240539659 -14.148910035725466 -124.62729419269564 -0.24264507710992278 0.16870051302455144 0.6893272952406057 0.6614313142691716
1643091478.695253 -0.9224278435268628 -14.284111246450848 -124.62136705659516 -0.2432799586704171 0.16622523914223902 0.6966518189623365 0.6541102924720674
1643091478.795364 -0.9405527790822574 -14.386924191625155 -124.62432080956208 -0.24638794665238112 0.15957072710451617 0.7031401459101688 0.6476295993893313
1643091478.895568 -0.9493206258760396 -14.485875419542197 -124.62786689696206 -0.2472105178913096 0.16013408345213026 0.7087022675047944 0.6410812204349924
1643091478.995834 -0.957074692987049 -14.522421090642666 -124.62241120447737 -0.24931392453636142 0.15622189489527316 0.7143068889721399 0.6349826414592374
1643091479.096186 -0.9706107682562299 -14.669246542311573 -124.62433031993535 -0.2495576598384375 0.15593916979229877 0.7191299474770093 0.6294887357071334
1643091479.196426 -0.9641468921325423 -14.756871020144429 -124.62602800765059 -0.24596527792935588 0.15877957371746287 0.7242006681358635 0.6243584878055272
1643091479.296516 -0.9830863705208055 -14.823770135127205 -124.62168201461338 -0.2528393808487721 0.15191206635949944 0.7261482037520683 0.6210505275531462
1643091479.39649 -0.9925395371989316 -14.975103373106537 -124.62877731498547 -0.25142681011080664 0.15107136115941147 0.7300865285937966 0.6171998572268197
1643091479.496471 -0.983268916955578 -15.070633205916131 -124.62567350297248 -0.24819508719111247 0.15584947495526727 0.7337808508117613 0.6129239780203832
1643091479.596456 -1.0062210571561365 -15.167155663446591 -124.62427948930683 -0.2543053537876513 0.14898518739812144 0.7334024210990917 0.6125790477129256
1643091479.696338 -0.9944492909248066 -15.221729357040537 -124.62629789113828 -0.24902134985142063 0.15417225074165933 0.7362446428239786 0.6100517275874395
1643091479.796159 -1.0159236578690374 -15.326495932296226 -124.62308707108465 -0.255170414440268 0.14924982326272718 0.7348972492930048 0.610359388255806
1643091479.895962 -1.0232096593739721 -15.462135829272809 -124.6227758158815 -0.2555796894106756 0.14927337218178985 0.7351269902199602 0.6099055590567787
1643091479.995777 -1.0300789920311824 -15.555546356376462 -124.62617598637934 -0.25607863197928704 0.14899064704700848 0.7353707801105734 0.6094713587164676
1643091480.095769 -1.0341188822265661 -15.660399447124156 -124.62500119775585 -0.25446053958642234 0.14764426277352996 0.7356565044263117 0.6101315538133621
1643091480.195641 -1.0253774172842764 -15.756027789247076 -124.62634578156185 -0.2518327029219189 0.1509858571761525 0.7384206203221061 0.607057285727582
1643091480.295549 -1.0411877920560664 -15.852129363945135 -124.62740624455266 -0.25701168593891915 0.14716593237432962 0.7395859716390759 0.604400340994206
1643091480.395443 -1.0440460308918869 -15.956459891951798 -124.62211199423734 -0.25715798433022 0.1447775379352789 0.7430707433760084 0.6006289253301437
1643091480.495265 -1.0445585012809426 -16.059057786586166 -124.62844690379103 -0.2579492818313336 0.14105862284010795 0.7473420384406225 0.5958561156055767
1643091480.595084 -1.0249880607331134 -16.153685635540842 -124.63010841150971 -0.25425280631772534 0.1418157022074447 0.7552766542558198 0.5871975754574481
1643091480.694908 -1.0219298268778767 -16.240521082959987 -124.62778698775689 -0.2579013189467012 0.14298242750967954 0.7609869671763809 0.5778769513457729
1643091480.794863 -1.0343955976455836 -16.345928705606877 -124.62458709603952 -0.2639218571095392 0.13579236158821137 0.7670786481390675 0.5687671188133936
1643091480.894972 -1.0193193382071137 -16.44214050977085 -124.62816515576316 -0.2632215979758607 0.13242862679312026 0.7759656019800218 0.5577225418687192
1643091480.995129 -1.0165232050622832 -16.540930762237195 -124.62432498158957 -0.26854277263487586 0.12755596614842005 0.7840146243420784 0.5449177218473136
1643091481.095352 -1.006954157811417 -16.631206728804575 -124.62594256197322 -0.2706320908549738 0.1254355453398982 0.7864507822208628 0.5408505916692156
1643091481.195414 -0.9913066788411538 -16.717868808630605 -124.62907749581599 -0.27340209724432213 0.1219366093120459 0.7996026535592183 0.5205942306181892
1643091481.295483 -0.9717322127647106 -16.815000969077435 -124.6210243710222 -0.27262028449992454 0.11982827420767772 0.802752013338574 0.5166319485479539
1643091481.39553 -0.9466772079438988 -16.907559266542666 -124.62650466343636 -0.27277780536804713 0.11353794362537027 0.8190247465453734 0.4918331717180135
1643091481.495581 -0.9226710222703906 -16.998207308822394 -124.62726429450863 -0.2813824122397263 0.10369723242107572 0.829948352571672 0.47037915996983715
1643091481.595675 -0.881009100601927 -17.093556053924132 -124.62179095792322 -0.2802110677397754 0.09713885626297335 0.8443004892475381 0.4463210548208813
1643091481.69572 -0.8242334201993684 -17.17748463740689 -124.62440056206552 -0.27748381814194556 0.08893651455304091 0.8572351441486081 0.42454791800813185
1643091481.795729 -0.8127934824517682 -17.26174230106994 -124.6290233920596 -0.2845285883683032 0.08199207127750918 0.8694416900455316 0.39546419592617277
1643091481.895825 -0.7730737683961362 -17.34630897591425 -124.62119541549957 -0.28772772023599064 0.07248027128052163 0.8802641003403392 0.3702627215031441
1643091481.995969 -0.7179809731442724 -17.422522332949153 -124.62655688570517 -0.28511162908083676 0.06415048286016609 0.8914432920131421 0.34630179271330824
1643091482.096199 -0.6877512261553417 -17.49279797135929 -124.62834703410385 -0.2918412294808562 0.05607181849191847 0.8992120001290034 0.3210956660718246
1643091482.196325 -0.6433052618002699 -17.565093508612904 -124.620688385491 -0.295116474341376 0.047565372531666844 0.9081773515208955 0.29301484619850127
1643091482.296413 -0.5913912246841962 -17.629266037521035 -124.62291692802894 -0.290858325367915 0.037743464993359316 0.9181318458566139 0.2664784776269826
1643091482.39652 -0.5034887434980577 -17.688220983070284 -124.6269814473322 -0.29311656507532324 0.03354724463831987 0.9234440464539906 0.24537390799410766
1643091482.496587 -0.48752741803452804 -17.75458907068248 -124.62545786110212 -0.29301935191618217 0.02489779135433072 0.9296462758159072 0.22198549783693292
1643091482.59668 -0.3840110474731836 -17.81337238812119 -124.62483446301837 -0.2927127039878496 0.019314278726117032 0.9339122034140396 0.20433851295275965
1643091482.696811 -0.31672651792178175 -17.870337302039722 -124.62467566698896 -0.29548621995551555 0.01426586230285701 0.9371801862200648 0.18487205723332392
1643091482.796786 -0.24500509455049538 -17.92863969905143 -124.62300637832793 -0.29150415998748047 0.007619007187002645 0.9414634629829818 0.16915620978128276
1643091482.89676 -0.2286946277245044 -17.972587154925176 -124.62601911270039 -0.29352681460880403 0.00425086986912118 0.9440354010625326 0.1504031274663784
1643091482.996716 -0.10847199504216451 -18.02458543251903 -124.62130857762563 -0.2956441133530564 -0.0007622499224451396 0.9454065536356052 0.1371146438480895
1643091483.096756 -0.03523860933870851 -18.074682897927595 -124.62256471399644 -0.2956039106567513 -0.0011130641724880635 0.945409383887624 0.13717939331330506
1643091483.19657 0.037367578305736775 -18.117612621176466 -124.62341574744954 -0.29478450142027757 -0.006835890382719208 0.9479936839731884 0.11984716714222546
1643091483.296301 0.10546038428144756 -18.15455645537139 -124.62238798449062 -0.29432070941490646 -0.010847451731419565 0.9496573291392294 0.10681109498823667
1643091483.396019 0.18144726706010322 -18.188982117544832 -124.62211291126039 -0.2944317165711601 -0.014217983032021967 0.9509282826975444 0.09403836664553727
1643091483.495715 0.2609178481188226 -18.224066422738712 -124.61852392841219 -0.29542093525618407 -0.019805515892648343 0.9517784095259442 0.08032478890636284
1643091483.595542 0.30837705069184457 -18.252141983338458 -124.62159192398308 -0.2949854728806549 -0.02385441530941267 0.9528605543754753 0.06686779176019121
1643091483.695494 0.38970646671822723 -18.279919481622517 -124.62704565592875 -0.2921410568842047 -0.024989296931863966 0.9543592013657671 0.056812434289742274
1643091483.79569 0.48275642204624136 -18.307708119516153 -124.62037042757353 -0.2938943151285533 -0.02957941503502075 0.9542087623407596 0.04729511194003234
1643091483.895879 0.5696201703355691 -18.333917331543237 -124.62107499394672 -0.29402494703420035 -0.03215118438533853 0.9544427811092066 0.039428536019980163
1643091483.995978 0.6558265634414719 -18.357013923220688 -124.62073392979913 -0.2921067870573203 -0.03283528317040194 0.9552726134218356 0.03239912314222528
1643091484.096201 0.7428435012474646 -18.3797885727654 -124.61952191008159 -0.2931148903055775 -0.037153880859102935 0.9550123650318216 0.025585793999477018
1643091484.196291 0.8262002252368528 -18.397891652168504 -124.62457683600758 -0.2925719483736617 -0.03755387227017656 0.9553320303863452 0.018222881776978665
1643091484.296335 0.9214657356348891 -18.417207457981522 -124.62352683032034 -0.29171347037125944 -0.039867492384743165 0.9556018588040782 0.011786505211450698
1643091484.396311 1.0176854702356384 -18.434057919440484 -124.62121463304352 -0.2925029704347384 -0.042628929643149696 0.9552878156956054 0.007069358376319965
1643091484.496309 1.1223003042659045 -18.44904129666485 -124.62370710687175 -0.2916688246279246 -0.042468392584329606 0.9555756110775923 0.0009919098519233067
1643091484.596273 1.208134418354676 -18.461418075452563 -124.61994959753261 -0.2920644470387391 -0.045316759490077206 0.9553195442224297 -0.003052623776897525
1643091484.696184 1.2768958260391923 -18.473940374380867 -124.61949145079929 -0.29221263072509546 -0.04663238136142137 0.95519286255792 -0.006617761833763693
1643091484.795984 1.339684601502623 -18.478819526717828 -124.61994398989651 -0.2910727036179715 -0.04767031045651271 0.95540332949586 -0.014446477000607081
1643091484.89582 1.4864332357065393 -18.49017814248957 -124.61969173817214 -0.2905661985159802 -0.05305272213103176 0.9551355534438872 -0.02174321737689141
1643091484.995632 1.5408522515878165 -18.492159834353657 -124.62478991017807 -0.2884706254314728 -0.052896912052651866 0.9555466442840138 -0.030285731888616142
1643091485.095704 1.6330497772606145 -18.494006426346342 -124.61998322106608 -0.288927267836717 -0.055954375537085904 0.9549476267966592 -0.03827756306367019
1643091485.195703 1.7291824946677072 -18.497521860492853 -124.62279922669859 -0.28907393726598485 -0.05902766590766655 0.9544140512002726 -0.04523065688797508
1643091485.295815 1.8245522934008227 -18.497680190160807 -124.62378927843012 -0.2878734459486122 -0.05867026078800936 0.9544357285593932 -0.052336599679753
1643091485.39609 1.9669291225530376 -18.505394438107608 -124.6214048289469 -0.28821048561207463 -0.060110124352987744 0.9541765437966251 -0.05355942682523571
1643091485.4965 2.0677958316212783 -18.509695897860002 -124.6199014024485 -0.28886875353881675 -0.06103634251537595 0.9539290736211815 -0.05337350111722449
1643091485.596877 2.118891544667477 -18.508952004740145 -124.62150059980473 -0.28851357725808946 -0.059127853625978534 0.954274374362095 -0.051227249576348395
1643091485.697103 2.2612256677021336 -18.5210213700323 -124.62179775444727 -0.2886281726608985 -0.05954134791423695 0.9543451951091747 -0.04872221677035502
1643091485.79711 2.306459854506347 -18.524379414601963 -124.62171740415648 -0.28861244475435466 -0.05860629932878122 0.9544732246338294 -0.0474238533756933
1643091485.89702 2.4522245046230333 -18.53274413459388 -124.62054113861463 -0.2889581144717619 -0.058472097395788354 0.9543941512982652 -0.04707468401089775
1643091485.996834 2.5296569604903074 -18.535586632153635 -124.62063564093359 -0.28862867319660795 -0.057946121424257827 0.9545722781973736 -0.04612484924340501
1643091486.096771 2.6476329866179755 -18.539254208556404 -124.6179922451434 -0.2890051851974327 -0.05711780353267074 0.9545348838874668 -0.04557098737729194
1643091486.196509 2.7429337418507758 -18.544671098815268 -124.6249449582395 -0.2896887376453559 -0.057716915458167414 0.9543129685169947 -0.04512151451044801
1643091486.296271 2.8431763231206175 -18.554058571604784 -124.62216035822524 -0.28865243615838554 -0.055623650934800976 0.9547902336527384 -0.044287586046899856
1643091486.396099 2.9409777365911003 -18.560308700487926 -124.6185908792084 -0.289220895684506 -0.057588402536136375 0.9545051476351727 -0.0442128095775984
1643091486.495934 3.0392165020272945 -18.56945074845568 -124.62453620952367 -0.2894416530449587 -0.057193105628166194 0.9544908289912448 -0.04358595556843025
1643091486.595829 3.1346438250411737 -18.57908434438065 -124.62099134464545 -0.28906628300258985 -0.055432937231539 0.9547130860295681 -0.04348329408921996
1643091486.695783 3.2351257525306627 -18.589445197475232 -124.61941252298045 -0.2905973745648141 -0.05814244559079464 0.9541269187306615 -0.04259630113392864
1643091486.79564 3.291019770626676 -18.592761555160365 -124.6241408896376 -0.2896085686612354 -0.058399712598551166 0.9543143219389799 -0.044727234081064854
1643091486.895476 3.4263996542851087 -18.60007931068016 -124.62206413566317 -0.28842961132844674 -0.05731401115624971 0.9546748801751538 -0.04603625306927511
1643091486.995361 3.5299494144777954 -18.610008879300068 -124.61991699192728 -0.2900162703847943 -0.05929887394765602 0.9540275430179855 -0.04696438675953798
1643091487.09541 3.6299467450809852 -18.616212991770634 -124.62427029495635 -0.2892345995072151 -0.058130372705626945 0.9542723240279043 -0.04825492525523399
1643091487.195342 3.7237070028075125 -18.61830536087448 -124.61835464444027 -0.28896963624763033 -0.058888830668169904 0.9543266591283042 -0.04784644842051876
1643091487.295211 3.8166121471208596 -18.624727058458557 -124.62033814879544 -0.2906606852045849 -0.06056035386100815 0.9537078958550677 -0.047854560914610274
1643091487.395054 3.9117990040941653 -18.631029520254394 -124.62304331472015 -0.2900265578717046 -0.05815267191289412 0.9540325288167357 -0.048216142919424165
1643091487.495008 4.017980719350019 -18.639017770610117 -124.6217073530476 -0.2896609476253756 -0.05904824719160323 0.9540884775303586 -0.04821842975638172
1643091487.595051 4.076406659489511 -18.64094154990378 -124.62394793930677 -0.28970036807016053 -0.0590936010452551 0.9541045492418767 -0.04760411927000671
1643091487.695188 4.210830568169185 -18.65414468395821 -124.62200665797255 -0.28966982103515054 -0.056867780437709826 0.9543474693917537 -0.04558901178033905
1643091487.795316 4.321049035854013 -18.66443450347067 -124.616238997719 -0.2912843831779866 -0.05979649916616311 0.9537762903644159 -0.04345773513178465
1643091487.895365 4.418555085133472 -18.6718884742188 -124.62610157340819 -0.2903966521029709 -0.05731785429017 0.9542178712117061 -0.04304302832232937
1643091487.995425 4.515187239493216 -18.676432129140927 -124.62218347718681 -0.2896938771855525 -0.05535654306715854 0.9545549710589843 -0.04287094455966038
1643091488.095609 4.570849860197997 -18.686126215103773 -124.61884379990335 -0.2918635127985798 -0.05874201525056041 0.9537662771430359 -0.041169820571504666
1643091488.195601 4.702165748671479 -18.69928680029441 -124.62503336812463 -0.2901662375520934 -0.055270993132164166 0.95455496580104 -0.03966723040018717
1643091488.295637 4.808331247381168 -18.709217788638863 -124.61529483563018 -0.2912632056892316 -0.05735206701905096 0.954218648440142 -0.03665046233464411
1643091488.395599 4.903871370987545 -18.716946337369542 -124.6179703616602 -0.29357279308778894 -0.05872313630473958 0.9534761761614509 -0.035352367865632874
1643091488.49547 5.007395259426554 -18.730136234546986 -124.6252673389406 -0.2908007222314172 -0.05407589044342563 0.9546283969453528 -0.034574004222575776
1643091488.595396 5.07231533384886 -18.73686940109321 -124.62355739857017 -0.2900669730955225 -0.05406364576995889 0.9548287569463754 -0.03521815204552266
1643091488.69539 5.171942645765078 -18.749581827189104 -124.62121108637258 -0.29137557009861625 -0.054277548422598236 0.9544815298313013 -0.033454956252212155
1643091488.795404 5.269821946858893 -18.76176193823175 -124.62049326952862 -0.290731687101391 -0.05494229954021904 0.9546430640695378 -0.033362404894373074
1643091488.895352 5.393266635660865 -18.77480221009035 -124.62241997176204 -0.2898924172654821 -0.055052990652681995 0.9548839912125056 -0.03358746727943101
1643091488.995401 5.4708201732904325 -18.784882443970016 -124.62126975974532 -0.28928338706041573 -0.055208849165400996 0.9550154340873047 -0.034822774153167736
1643091489.095631 5.5997235208544085 -18.792762553235722 -124.61980965510958 -0.2900483080365382 -0.05585054270410329 0.9546281018730318 -0.03791942772631286
1643091489.19576 5.667630378539541 -18.802638944931275 -124.62390520829165 -0.28935754649363815 -0.05818871122306164 0.9545537565669605 -0.04139335692215741
1643091489.295953 5.764164930815609 -18.80981395034571 -124.62329504104721 -0.2910246503718941 -0.05508282950312672 0.9541262717967741 -0.043744625235963674
1643091489.396254 5.886866349980901 -18.81973537763965 -124.61854421129372 -0.29025403950029416 -0.058700298349223995 0.9541222071370251 -0.04424569329828255
1643091489.496455 5.988223074319959 -18.825592019218313 -124.6224815417342 -0.28994451287213674 -0.05802820593424516 0.9542008948977327 -0.04544842073997975
1643091489.596536 6.058224947889935 -18.830676739516594 -124.62247223211925 -0.28954484655408774 -0.05629754438385845 0.9544027962837663 -0.04593115256604262
1643091489.696521 6.157485986112887 -18.841635073197562 -124.62181811524478 -0.28906239936856587 -0.05738168204907845 0.9545057145740518 -0.04548750028287995
1643091489.796363 6.2000925108686 -18.8462284138452 -124.62208084288294 -0.2884823838843597 -0.05813480800199284 0.9546051401403021 -0.04612249673080182
1643091489.896162 6.351385590798705 -18.85967882495832 -124.6227285518468 -0.28870789400053 -0.05783677540250168 0.9545475647295865 -0.04627748936184226
1643091489.995914 6.44530324267703 -18.87172541588484 -124.62184050339613 -0.2886235102959339 -0.059081606389691475 0.9545424925268332 -0.04532618505375283
1643091490.095714 6.546883874018676 -18.883055020354252 -124.62264565124428 -0.2874473136798007 -0.057983654688141824 0.9549457665576703 -0.04572221102326582
1643091490.195442 6.64829489979862 -18.894778665507847 -124.62018378152528 -0.2859685390717506 -0.06047200079202451 0.9551374487726718 -0.04772405822443864
1643091490.295179 6.674663610064042 -18.896610674612948 -124.62839001582562 -0.28860206905006097 -0.059067518637639746 0.9543673944599107 -0.049017857703263605
1643091490.395035 6.792894645153257 -18.90962591012671 -124.62029730718665 -0.29119323252617435 -0.061100623699853786 0.9533209560701947 -0.051501163402938345
1643091490.494787 6.929037488441634 -18.922963425942548 -124.62328248613534 -0.2879603797369913 -0.06101973590986502 0.9542381246103101 -0.052773223053137926
1643091490.594634 7.061513589132006 -18.932139338856487 -124.62397466884762 -0.28921540608155644 -0.059265049024006096 0.953804605389315 -0.0556675631530225
1643091490.694732 7.143380100782712 -18.93528105462757 -124.62263495497403 -0.2891309539264539 -0.06093857826866236 0.9535592597692157 -0.05843388801507301
1643091490.794913 7.259480119626146 -18.952944840716484 -124.6246985664075 -0.2867965632741639 -0.0614901170016371 0.9540827761622502 -0.06076802642662392
1643091490.895195 7.355444214947566 -18.9698742433637 -124.6306820106608 -0.2893778563449343 -0.06131820477267298 0.9532055155664865 -0.06244821145794111
1643091490.995668 7.464554710026872 -18.972391423823 -124.61953882083145 -0.29203120814631045 -0.0657829534405456 0.9519195398273624 -0.06511195128475154
1643091491.096179 7.5632250524694395 -18.97808028992568 -124.6230946980995 -0.28984166432811753 -0.06503988590306822 0.9526893817806993 -0.06437829372957553
1643091491.196419 7.7017523182650285 -19.000306818669223 -124.62424902129722 -0.2892941992005585 -0.06487220598625246 0.952743929198567 -0.06617755340491692
1643091491.296479 7.80131292850275 -19.007636319021 -124.62141434776427 -0.2903191832463202 -0.06596727871845089 0.9524317059255947 -0.06509174698326292
1643091491.396369 7.901343246577708 -19.01491915970371 -124.61900358697847 -0.2906149179246307 -0.06589377644659644 0.9523343860323102 -0.06527018374210924
1643091491.4963 7.99982692772287 -19.000885508768285 -124.62562284910885 -0.28817667959318827 -0.06342603176886102 0.9531775006482704 -0.06621172170104551
1643091491.596229 8.101764769824818 -19.014127358306492 -124.62728079113509 -0.2880642713965831 -0.06104290009057765 0.9534600132819288 -0.06485940923036355
1643091491.696193 8.161724991361334 -19.025198535824977 -124.61768521397633 -0.2888589677021394 -0.062125075404400744 0.9534043780412251 -0.06100052225904646
1643091491.79614 8.259768122930414 -19.022819172190754 -124.62071313499017 -0.28949433021700566 -0.06263557396921739 0.9532880113083875 -0.05926031675120922
1643091491.896038 8.393408140192424 -19.032516140848774 -124.62382136846111 -0.2884999976795 -0.05986878473639999 0.9538583713398312 -0.057772721746858144
1643091491.995976 8.45012190802455 -19.035958707837775 -124.62001953951577 -0.2897694854728699 -0.05900018711845224 0.9536487399511312 -0.05573781479745627
1643091492.096012 8.543087159246419 -19.046654046537697 -124.62393483455371 -0.2888575104422291 -0.058428246053728504 0.9541219415152249 -0.05290368081164187
1643091492.196006 8.677094120521431 -19.055430783619247 -124.62175557809803 -0.2925141293177252 -0.05646141177032787 0.9533580017232777 -0.048539815415733246
1643091492.296038 8.748289589061779 -19.056873079570863 -124.6148394812825 -0.2907884366169774 -0.057638996974441796 0.9539649424842975 -0.04550516090033433
1643091492.395997 8.84483847417261 -19.067760855716404 -124.62129840271832 -0.29003974951226946 -0.05562482818337659 0.9545059746905418 -0.041245199387184066
1643091492.495847 8.936836407216134 -19.076266705683434 -124.61788303573506 -0.28876844442884947 -0.054977850796328324 0.9549342066895822 -0.041120339469628266
1643091492.59576 9.034112273722297 -19.081733485651483 -124.61761029242496 -0.28995524982760335 -0.057318527787393186 0.9544458217466074 -0.04091103543228282
1643091492.695642 9.130650839088803 -19.085827566440653 -124.6194765285988 -0.2905201298719202 -0.056890944331371665 0.9542440277597289 -0.04218779535809979
1643091492.795513 9.22494409151653 -19.098647598150542 -124.61620047940369 -0.2911491565431684 -0.05661979079127241 0.9541001156423091 -0.04146489197244575
1643091492.895465 9.322910787982321 -19.107684679822054 -124.61953490798749 -0.2906443897799589 -0.058472509530808514 0.9541338918640461 -0.04165718083324469
1643091492.995451 9.416929373191309 -19.111113818402345 -124.62189367318587 -0.2903459996459249 -0.05533030781092845 0.9543940223033476 -0.04206908269494146
1643091493.095617 9.519767238009804 -19.121216963615396 -124.6129891272857 -0.2905273751286433 -0.05826529824788803 0.9541987157335465 -0.04127723601933185
1643091493.195617 9.607490842667671 -19.12941851962083 -124.6179034668022 -0.29158817736263837 -0.057001899148168646 0.9539486400454172 -0.041341389325171625
1643091493.295686 9.706746536455984 -19.138225496844633 -124.61610899291084 -0.2909694446953501 -0.053675827111424976 0.95440301694091 -0.039630406150744514
1643091493.395845 9.803591075168216 -19.15185347283632 -124.61404272141222 -0.29294025660658846 -0.0572924299628293 0.9536435119350973 -0.038309733388713615
1643091493.495883 9.8931952656234 -19.161546829661006 -124.62136427894569 -0.29051098862225394 -0.05394943165263132 0.95458896908487 -0.03811462207032733
1643091493.595843 9.99356853185227 -19.169507150740806 -124.6174194317965 -0.2888012241936656 -0.05451244623572071 0.9549804345440162 -0.04043038149411535
1643091493.695714 10.084764436356465 -19.184205978105634 -124.61436072255468 -0.2899478374473402 -0.057863461475663604 0.9543944659513587 -0.04139172317125797
1643091493.79562 10.176609261542266 -19.1933716646771 -124.61728258194424 -0.2893310328253495 -0.05553633248192545 0.954587631411206 -0.04433647680429039
1643091493.895579 10.270612229588162 -19.20337644823423 -124.61917925091767 -0.2888960500601361 -0.05851860911766983 0.9544641308065501 -0.0459659401109274
1643091493.995552 10.365318301688825 -19.20908013980028 -124.62138946724433 -0.2880331536484206 -0.05655842193651069 0.9547258375776064 -0.04833862192010362
1643091494.095708 10.468053309531879 -19.223319841324162 -124.61500783834839 -0.2884189613052706 -0.05840614115615878 0.9545676476842424 -0.04694498300572449
1643091494.195656 10.555230715722539 -19.23251222536804 -124.61490847068049 -0.2899647815002472 -0.05955773903338151 0.9539988756403468 -0.04753363533014912
1643091494.295601 10.641473643546075 -19.237982138557282 -124.61925592490327 -0.288647115052922 -0.05567827308599668 0.9545722711925303 -0.04872937459193197
1643091494.395641 10.73577174737404 -19.248939074862474 -124.61555513232345 -0.2887987046724418 -0.05905115576618929 0.9543272243411918 -0.04866023081977255
1643091494.495623 10.829121790076544 -19.259853000954894 -124.61508512317789 -0.2888708188851431 -0.05808794034867111 0.9543996799541556 -0.04796553018659662
1643091494.595604 10.93359835417611 -19.26779061333036 -124.61212217103885 -0.2891666359293713 -0.058689243044277986 0.9543248196158426 -0.04692939464098965
1643091494.695531 11.024522631467754 -19.27922226766473 -124.61335170778295 -0.29086364839909923 -0.05928455082330004 0.9538051860832739 -0.046253076376561904
1643091494.795512 11.116172851171253 -19.289152103669437 -124.61668905487252 -0.2895697446821374 -0.05754852886326371 0.954332806007738 -0.04567740325142304
1643091494.89553 11.207207350367097 -19.300606360181614 -124.61730680547655 -0.28894437852198857 -0.05782108439265868 0.9545460555616246 -0.04482963452831819
1643091494.995592 11.300658657202856 -19.311865690597447 -124.61385405110003 -0.29009578695289623 -0.057715597977253584 0.9542456038692828 -0.04391664420758365
1643091495.095812 11.35907499597288 -19.316086819637036 -124.61500536495 -0.2907735084508555 -0.05831594343969865 0.9540495107114378 -0.04288995960809804
1643091495.195813 11.498745955969106 -19.33142050482632 -124.61574565937889 -0.29114451698014454 -0.05759063789864166 0.9540647635000412 -0.040970912931446155
1643091495.295711 11.58396521032378 -19.341305016059472 -124.61803674031343 -0.2901646509818682 -0.05512163390375485 0.9545449379159897 -0.04012533233893917
1643091495.395533 11.675561316466373 -19.353641637284134 -124.61585252157221 -0.29033600757169464 -0.05580881872336169 0.9545473237916374 -0.03781249928601111
1643091495.495356 11.723898462874864 -19.360859719252147 -124.6180350677238 -0.29039159221881217 -0.05334285607098789 0.954746147045699 -0.035875584681024204
1643091495.595178 11.860550418494919 -19.380293313776004 -124.61486540812531 -0.2905296967510838 -0.0537388563771911 0.9547697221032672 -0.033457560817322686
1643091495.694979 11.94924572073399 -19.395750754883654 -124.61791803798869 -0.2914239587766157 -0.052900527640723394 0.954670330554033 -0.02963393976763619
1643091495.794828 12.043118040492711 -19.41521223000989 -124.61470433661906 -0.2913164933278774 -0.051432198815566654 0.9549226356283645 -0.024742465615265354
1643091495.89472 12.130233974888622 -19.43298976222944 -124.61775047725042 -0.29185456617676026 -0.05015235643891684 0.9549319103425021 -0.020265733517900442
1643091495.994728 12.226503449734517 -19.45008330005799 -124.61353707222366 -0.2903990632551885 -0.050082244010022176 0.955467557404702 -0.015553123240111325
1643091496.094843 12.31665403256722 -19.467304882612094 -124.61261340512242 -0.292122619100044 -0.049034996791303284 0.9550387956179177 -0.012682403734487506
1643091496.194674 12.399502450484054 -19.481543761189133 -124.61703366902204 -0.29261860112630006 -0.04716347022938204 0.9549814617687824 -0.012663689382211329
1643091496.294485 12.492697777297579 -19.498244448834892 -124.61432454196746 -0.29197668796586757 -0.047745583118550095 0.9551491104588249 -0.012655029311210497
1643091496.394312 12.585748084629659 -19.513051570367296 -124.61504444158803 -0.2920362856645075 -0.04925706297176271 0.9550359511384432 -0.013960001280916434
1643091496.494211 12.675701727588152 -19.52590782757884 -124.6132298785014 -0.29223464717544945 -0.05000324987320813 0.9548944684806935 -0.016587346301691144
1643091496.594275 12.770960838182848 -19.537074194403978 -124.6113341912877 -0.29338915739925936 -0.05233118201312687 0.9543592152401245 -0.019563690753929403
1643091496.694371 12.858703006406271 -19.54856155295955 -124.6189024949603 -0.2917974894731218 -0.05061097299496064 0.954862701754096 -0.023021193465043
1643091496.794549 12.953917311459566 -19.560723965192896 -124.61372053956931 -0.29133828850729543 -0.05179448659956442 0.9549002518870046 -0.024593530727873156
1643091496.894752 13.053106959608414 -19.573176538305383 -124.61474457689751 -0.2912135121139233 -0.05470709917609018 0.9547311108743812 -0.026274123973619785
1643091496.994891 13.14965763641638 -19.585404220916107 -124.61529740406615 -0.2902239508466665 -0.053735518807090356 0.955031174294216 -0.028249044226228436
1643091497.095109 13.24858673847122 -19.595788062192693 -124.615054762503 -0.28990510930118835 -0.05712663607100598 0.954856184266613 -0.03067967438029789
1643091497.195176 13.342670178370595 -19.604912746482746 -124.61988189512407 -0.2886629691927388 -0.056520280691530755 0.9551745387520492 -0.033477583652241336
1643091497.295233 13.437631938785525 -19.609495215409588 -124.61334689526525 -0.2890057915679303 -0.055073222457755935 0.9550972064483542 -0.03509870144125612
1643091497.395308 13.53297162224248 -19.616859007324525 -124.61368470764623 -0.28996861671892993 -0.057914374874515145 0.9546445999540184 -0.03489719587068149
1643091497.495377 13.630525579377831 -19.623261423033583 -124.61607271112082 -0.28971565590088155 -0.056050090147314206 0.9548460202380807 -0.03452975174974211
1643091497.595485 13.72674868788989 -19.629104547362736 -124.61461332140237 -0.2896219878372345 -0.0564491044626727 0.9548689063176238 -0.034029024587198364
1643091497.695481 13.806266729344038 -19.635297758183565 -124.6145637523858 -0.29046078253462587 -0.055319698743238055 0.954691517882293 -0.033710093798941576
1643091497.795468 13.899664979439748 -19.644146185480647 -124.60988518827233 -0.2908756651858757 -0.05700899988873407 0.9545430665134558 -0.03144607297341067
1643091497.895398 13.98844855059474 -19.652819947940863 -124.61400724120297 -0.291794458695016 -0.05727249656311736 0.95425798662724 -0.031105465282429162
1643091497.995374 14.085122806058095 -19.66389984451308 -124.61669988298823 -0.29147541520746845 -0.05387789545409044 0.954630378446545 -0.028637305356444535
1643091498.095446 14.14309214039292 -19.670978141583966 -124.61492538058305 -0.29132589684911625 -0.05519352273504283 0.9546294404223943 -0.027668183026366998
1643091498.195308 14.242240682582251 -19.682578925997785 -124.61673519749054 -0.2913787996820276 -0.05385491204673845 0.9547145143826063 -0.026799992005282117
1643091498.295124 14.372884416998017 -19.69673381931283 -124.61126977142362 -0.2911795252646103 -0.05554598244105132 0.9546494310629375 -0.02781351600471419
1643091498.394908 14.462117072518117 -19.70588964044244 -124.6140611968661 -0.2932054787387757 -0.057718143005033584 0.9538699392879093 -0.028832310495276455
1643091498.494652 14.559712675605597 -19.71037832128952 -124.61843820759124 -0.2906922227137326 -0.050970585195733484 0.9549620167501924 -0.030782749437945327
1643091498.594602 14.657764587712066 -19.720661406311343 -124.61283442269873 -0.2915034506179936 -0.056359990485868657 0.9543678691698907 -0.03211323786786651
1643091498.694657 14.7205116238767 -19.72626163588582 -124.61483585382382 -0.29147262787198985 -0.05712331591989491 0.9543626411076613 -0.031186266812838037
1643091498.79477 14.846057263969497 -19.738341660496427 -124.6182951236764 -0.2936673141582719 -0.05522545129550813 0.9538050860476462 -0.031072752596393353
1643091498.894879 14.935842642947543 -19.747877550547717 -124.61526755898768 -0.29348231468608393 -0.05463588400936262 0.9539561522722457 -0.029166945108220557
1643091498.994981 15.027734314624732 -19.757106753891048 -124.62153312933144 -0.29294357827936707 -0.053764618619351216 0.9542102105914221 -0.027862155922866096
1643091499.095227 15.115944080457894 -19.76767451343462 -124.62194398682556 -0.29470800376403444 -0.054064043008601154 0.9536928027073978 -0.02634975967803933
1643091499.195219 15.219843945215219 -19.78047331278983 -124.61233093775546 -0.29522783677435543 -0.05337454897029164 0.9536089959844364 -0.02493119919514202
1643091499.295219 15.315895839290055 -19.791198097156567 -124.6101823800652 -0.2942258664974189 -0.053916091923428895 0.9538854252549774 -0.025035774437356287
1643091499.395287 15.406546678755701 -19.800456934957506 -124.61813079878938 -0.29415559702940736 -0.05392831495131642 0.9539100492425034 -0.024896576811865787
1643091499.495333 15.50069179441491 -19.81241412555302 -124.61646578149954 -0.2930886977576637 -0.05368694006180372 0.9542607299357809 -0.02455986595948358
1643091499.59544 15.596257217391742 -19.824180341343745 -124.60769144724132 -0.29408032414348906 -0.05518189415269974 0.9538610620362241 -0.024915774932907826
1643091499.695586 15.687528769789283 -19.8315993175341 -124.60973769399394 -0.2941559964117926 -0.054815423997805666 0.9538432592721489 -0.025505995530666382
1643091499.795737 15.785186890242649 -19.843145787176837 -124.61155476420598 -0.29103306024713615 -0.05382556677135054 0.9548624460286225 -0.02530366315705717
1643091499.895752 15.874540329643937 -19.853085356590952 -124.61459076286678 -0.29142254984401267 -0.052459570965203955 0.9547991137613242 -0.026068049738149756
1643091499.99572 15.964701220656112 -19.866993149101233 -124.61313479681911 -0.2914661770069179 -0.052707486549004555 0.9547879690749447 -0.025481809833703798
1643091500.095819 16.05847540252388 -19.873544825408317 -124.61146273287356 -0.290607772170295 -0.05249990057281919 0.9550663620221072 -0.02528096770139973
1643091500.19571 16.16197174444376 -19.89232933239421 -124.61480696988718 -0.2905733775846202 -0.05138368384522653 0.955142282303529 -0.025100793405094444
1643091500.295689 16.238488503556535 -19.906418721451185 -124.6117185519846 -0.2909522111393833 -0.05175742363167054 0.9550457861071626 -0.0235696069349336
1643091500.395801 16.32880847572146 -19.919111171695537 -124.61327267425807 -0.2905549415709373 -0.05279574782119959 0.9551239183381723 -0.022994250564996814
1643091500.495883 16.421330687123348 -19.935322975902597 -124.60947922739874 -0.2918228614816851 -0.05466707337572898 0.9545276180908447 -0.02698063948449929
1643091500.595975 16.516832610546974 -19.943982770097335 -124.61074115347814 -0.29096543410879316 -0.054957165687042224 0.9547402808617416 -0.028103775432694298
1643091500.69598 16.603482502559032 -19.96012699981006 -124.61401300735265 -0.2899703223466481 -0.05514602918095416 0.9548062061622646 -0.03494619146312442
1643091500.795987 16.696808851117154 -19.970991623881286 -124.61104687877202 -0.2905465155081905 -0.058284615769428796 0.9542688132728548 -0.03945450424826428
1643091500.896078 16.786925795393703 -19.982639672123508 -124.61248499034211 -0.2898031193471199 -0.05868891027044839 0.9542482096695074 -0.044498518744854776
1643091500.996251 16.87615974747835 -19.99383854580722 -124.61069871736463 -0.2918263388008756 -0.06069812224336353 0.9531718507718514 -0.05115221240933572
1643091501.096527 16.97074732672591 -20.0039780279149 -124.60994692374243 -0.2900240656077144 -0.06321816589954447 0.9532794231767935 -0.05610567009126536
1643091501.196558 17.100818248268695 -20.01409254266073 -124.6143569843857 -0.289226003758456 -0.06119062772075786 0.953503725041158 -0.058606076149910445
1643091501.296613 17.150303115158543 -20.007100595984262 -124.61310493580527 -0.28887710385133253 -0.06428057798327927 0.9527865583492608 -0.06793968202437203
1643091501.396643 17.243105866548134 -20.019006582958774 -124.6073771494893 -0.2903374675588847 -0.0691031857721245 0.951289328138239 -0.07731441533074429
1643091501.496562 17.33209892248255 -20.021121397148697 -124.60982308457322 -0.2872790207476587 -0.07512737217397632 0.949826237778613 -0.09826881609048066
1643091501.596389 17.424950486067328 -20.027044141940078 -124.61138625205983 -0.28730389351836794 -0.07527118416689366 0.9497238872496532 -0.09907199195891755
1643091501.696133 17.52125213203617 -20.018117062080073 -124.60809380918465 -0.2857448237724439 -0.08230247769264716 0.9467161234358368 -0.12371248716086666
1643091501.79577 17.612085532142547 -20.014082331390487 -124.6105366404821 -0.2831631046474097 -0.08333881913707611 0.9468925024428718 -0.12754562402824268
1643091501.895514 17.700917754901223 -19.993822706435306 -124.61244283457853 -0.2819823038447894 -0.09017911269667948 0.9430530434928828 -0.15167288851484148
1643091501.995429 17.791002489459874 -19.974189768232442 -124.607724119182 -0.2808962341540509 -0.0949986846254028 0.9406739230987406 -0.16493976464012652
1643091502.095541 17.87579854431838 -19.971732061659225 -124.60896021550212 -0.2781753094261636 -0.09991675718383695 0.9373340932039108 -0.18449915061356442
1643091502.195633 17.967219631975453 -19.94919214015181 -124.60549322023644 -0.2774424731625333 -0.10801757290692403 0.9324909918300573 -0.2044955456349853
1643091502.295792 18.048984835468783 -19.91800926112558 -124.6116657241658 -0.27337546501997917 -0.11201487560471703 0.9286862749507854 -0.22418814751543847
1643091502.396043 18.132142511676978 -19.890902157108272 -124.60701649428637 -0.27194710099295505 -0.11662771700374998 0.923989696544849 -0.24225150271356147
1643091502.496229 18.21558909444774 -19.86409319586518 -124.60541961213295 -0.2688272331031161 -0.12462837952397877 0.9173145724056527 -0.26595800610544595
1643091502.596296 18.2926588682427 -19.833312044039307 -124.60654119270022 -0.267121855171243 -0.12988839625524795 0.9115254591045823 -0.2844226721136941
1643091502.696338 18.373332868221727 -19.796776115145388 -124.60718015981811 -0.2639061547282971 -0.13428884215750972 0.9060896957897733 -0.3021944929215548
1643091502.796341 18.45438365171478 -19.75719816332735 -124.60340402492423 -0.26083817284553695 -0.14113577044776468 0.8996265547596922 -0.32049368770371156
1643091502.896165 18.534026469392668 -19.701094858557653 -124.60185058733865 -0.25735897860410833 -0.14776137938409728 0.8919740626228582 -0.3410501466096039
1643091502.995829 18.596450258353695 -19.67376554923956 -124.60997261145624 -0.2534008736706359 -0.1480597472213654 0.8877740924255026 -0.35457505452834476
1643091503.095612 18.66305196490316 -19.62847552758209 -124.60903640888166 -0.2508625547581194 -0.1574804481428635 0.8758600321491942 -0.38096862227297024
1643091503.195307 18.733891196789695 -19.571024387389457 -124.60789476122528 -0.2482179541290964 -0.16397680423983862 0.8674083878858879 -0.39887610049294814
1643091503.295018 18.7947186923114 -19.516980106144363 -124.61174449509599 -0.24223609976113278 -0.1667744839545645 0.8574133717388434 -0.4223153483330095
1643091503.394871 18.854860742887926 -19.455272620855045 -124.60518891997516 -0.23746495125870568 -0.1744012905413107 0.844750412211225 -0.44675645249978324
1643091503.494788 18.90981954014596 -19.39291495225744 -124.60331856398717 -0.22989853806558824 -0.18559315004941562 0.8242512029666018 -0.4830236011398928
1643091503.594799 18.962926963815733 -19.327315075429542 -124.60715289203372 -0.22784414470961334 -0.18541786000220303 0.8232373354117791 -0.48578550050188013
1643091503.694927 19.009333875185916 -19.247066906583335 -124.60664172492962 -0.22454252062690544 -0.18999626524253194 0.8113216081931613 -0.5052121571214093
1643091503.795216 19.055001744746527 -19.18461872778881 -124.60102043785601 -0.21820914647453998 -0.20002906879270071 0.7957159179513094 -0.5284026097131644
1643091503.895532 19.096514069041806 -19.11088870552258 -124.61041081788395 -0.21444536900186653 -0.20074529901681562 0.7854442616495076 -0.5447860318309955
1643091503.99591 19.138153472168668 -19.022441347431396 -124.60861616389565 -0.21094266006214848 -0.20353932482778567 0.7749490610232808 -0.5599365055376275
1643091504.096307 19.18223232188442 -18.940833250723358 -124.60576417256637 -0.20556461306740945 -0.21053040347983037 0.7638265627624458 -0.5744467956944086
1643091504.196409 19.214974087830587 -18.855439389982013 -124.6086762646735 -0.2027190234678831 -0.2122849748129004 0.7539983905601504 -0.5876448876878085
1643091504.296513 19.246115541176668 -18.781119023495428 -124.60551875082267 -0.19944001868205635 -0.21550248613801415 0.7445229125601249 -0.5995564944935755
1643091504.396636 19.277734163602954 -18.68833023221654 -124.6075584110071 -0.19663156959083586 -0.21988964511637168 0.7357684048306786 -0.6096141601568642
1643091504.496619 19.303889136165647 -18.60699225981277 -124.60979085432184 -0.1938424589414799 -0.21918299385608983 0.7286110865763074 -0.6192816813324086
1643091504.596566 19.33147445051759 -18.518899996640947 -124.60436050398549 -0.19135325417934707 -0.22217513118545051 0.7225625256675173 -0.6260395671989754
1643091504.69664 19.353494777113088 -18.42658079699467 -124.60432592330856 -0.19011049004839187 -0.22745087389873542 0.7160129480522232 -0.6320202210039059
1643091504.796796 19.37214323583387 -18.33867167072072 -124.60823851770797 -0.18993415690595977 -0.22659140300460268 0.7109748930004347 -0.6380407930907305
1643091504.896843 19.39475611677622 -18.248938015352394 -124.6038593833961 -0.18803807208200327 -0.22817152328448978 0.7069961708216206 -0.6424452146707023
1643091504.996856 19.416589183477893 -18.16267180973721 -124.60311341616176 -0.18782923501935733 -0.2313568279733483 0.7034709339163308 -0.6452308437737917
1643091505.097014 19.43920086688387 -18.068779870776627 -124.6094998144826 -0.18644690672820216 -0.22935201798166674 0.7017102394369328 -0.6482576206174401
1643091505.196903 19.459482553338113 -17.978372809535433 -124.60692167293007 -0.1865158225394752 -0.23199517107518286 0.6992912718094927 -0.6499090749568603
1643091505.296739 19.48043660875119 -17.879831088071974 -124.60062275208311 -0.18370089372915685 -0.23067537440383146 0.7006307937942181 -0.6497379041383109
1643091505.396584 19.49626062308573 -17.791604858493127 -124.60193100538882 -0.18363006700262022 -0.23198611064625255 0.6981318949687932 -0.651977223672054
1643091505.496339 19.510768715701683 -17.703624321065927 -124.6037169145289 -0.18294591294221796 -0.23250077026046853 0.6960394679690926 -0.6542195684900673
1643091505.596115 19.521100145487615 -17.620404566089707 -124.60627104718438 -0.18236204562794048 -0.23235891825196317 0.6930886538237271 -0.6575572487350317
1643091505.69599 19.535101692994534 -17.5208074487498 -124.60393050431594 -0.1802540126061423 -0.23422203366919472 0.689939201114422 -0.660781680019085
1643091505.796017 19.544429239860847 -17.4312275824089 -124.60629713496726 -0.1798001253429508 -0.23321628045206194 0.6864052582169636 -0.6649284946149232
1643091505.896151 19.557793180503893 -17.339080566922252 -124.60520759631949 -0.17885920681306378 -0.2351139266502995 0.6833213121213155 -0.6676846636205469
1643091505.996343 19.56987194440187 -17.250231083309995 -124.6076410322211 -0.17903647116678828 -0.23376191953499637 0.6811380447252597 -0.6703374306983818
1643091506.096694 19.58485470674585 -17.157897159765398 -124.60506256627973 -0.17778602892659873 -0.2355531439532996 0.6795521506583818 -0.6716514861353281
1643091506.196913 19.601929792761208 -17.050885691377083 -124.6006269628141 -0.17710304157111673 -0.2376743638865364 0.6783034690054502 -0.672346497984902
1643091506.297037 19.61574884604196 -16.972542955008592 -124.60543643033748 -0.17615012835809427 -0.23667248210602806 0.6762663316520376 -0.67499712382135
1643091506.397047 19.631726545994766 -16.880235523719723 -124.60203955226551 0.17549808145359472 0.23867203024040726 -0.6743609495626723 0.6763677957235699
1643091506.496943 19.64625728963103 -16.794116297699205 -124.60603107126632 0.17619905150286197 0.23780186634624786 -0.6726193259523937 0.6782237160163898
1643091506.596815 19.656703370494125 -16.71121758665693 -124.60795554340318 0.1748852531972748 0.23758217875544768 -0.6711851215597628 0.6800591070993358
1643091506.69668 19.669996210787108 -16.598902931106668 -124.59841763290211 0.17434367049994348 0.24060468535244353 -0.6697299654786446 0.6805699400377835
1643091506.796584 19.67688677045841 -16.51157612979179 -124.60549868947191 0.17444664183831707 0.23884732007108245 -0.668112381658172 0.6827489819261842
1643091506.896482 19.68549310986157 -16.423197055404863 -124.60014694642238 0.1725688328280658 0.2401892003132937 -0.6680752627284161 0.6827917613149541
1643091506.996352 19.690020807054836 -16.338617775508478 -124.60571442009673 0.17480966335556428 0.23739536459948932 -0.6673529097554516 0.6839043180921743
1643091507.096356 19.700438017570775 -16.233793724629717 -124.59406776573407 0.1722078192370252 0.24035240770825209 -0.668439761505303 0.6824686603362882
1643091507.19621 19.714116422486516 -16.113664696773306 -124.5992515599396 0.17368683147849695 0.24086241055769678 -0.668162630661377 0.6821853727096205
1643091507.29616 19.713768095697603 -16.0552477993048 -124.61009385181998 0.17474558334140508 0.23668124508459135 -0.6665688540779814 0.6849320638581949
1643091507.396263 19.724383774921847 -15.96247971648375 -124.59993677992769 0.1716899264482505 0.23911538192436996 -0.6678130196929783 0.6836462345481782
1643091507.49638 19.734183837682448 -15.864306084347765 -124.60145472653241 0.1724760092780995 0.23977904278197168 -0.6669130300261674 0.6840943262791899
1643091507.596429 19.73952117538766 -15.755887142882598 -124.60945256533596 0.17409948992002464 0.23749876827626548 -0.6641860562676473 0.687124868809501
1643091507.696473 19.745959687143742 -15.688305755110811 -124.59842539809611 0.17232126071788986 0.2417983389719355 -0.6645367383519207 0.6857330892961202
1643091507.796418 19.749369962402483 -15.596200507926863 -124.61232927480609 0.17286402613736274 0.23734327274472145 -0.6609094350774726 0.6906409472193072
1643091507.896283 19.75655249000741 -15.504932387123914 -124.60862372450569 0.16968128635372015 0.23843400351305116 -0.6582936041535682 0.6935466947225619
1643091507.996255 19.766099520034135 -15.410475429424082 -124.6019395279216 0.16837020748258633 0.24239947852884916 -0.6560462886317621 0.69462020789328
1643091508.096472 19.775242447255163 -15.275223522245803 -124.60934982938666 0.16852314049078745 0.23979842892682185 -0.6531005703428074 0.698252325181413
1643091508.196682 19.77851962903343 -15.220856499172669 -124.6040437724964 0.1676315276571919 0.24234025659513284 -0.6523977321640729 0.6982464250076014
1643091508.296886 19.78783183996238 -15.123371787699218 -124.61154016712233 0.16915031179271406 0.23689034244880433 -0.6520114465097118 0.7001087139117962
1643091508.397019 19.803037971326162 -15.026137331186439 -124.59736818101725 0.16752865030790917 0.2412065483619663 -0.6537516593445867 0.6973968169252825
1643091508.497152 19.813891615894022 -14.940346033232439 -124.60611164153103 0.16875065782904453 0.24250491388386414 -0.6542394766785369 0.6961934281360596
1643091508.597089 19.823044994722256 -14.8536697453519 -124.60951219622224 0.16988578467240908 0.23764659745343458 -0.6541390636910334 0.6976854593858635
1643091508.696981 19.84161405213985 -14.751160143267834 -124.59925803772727 0.1694656323004306 0.24302622852504527 -0.6571488839713195 0.6930909002527424
1643091508.796859 19.854679569648045 -14.66736203710948 -124.60559103022412 0.1707333662822298 0.2406320275414784 -0.657894033538284 0.6929082086351284
1643091508.896714 19.868168521059943 -14.577142292642975 -124.59985607469487 0.16939669589018008 0.24092326550667648 -0.6597126821265755 0.6914043076235853
1643091508.996631 19.881701347729695 -14.48502936457206 -124.59590601769965 0.17040638965635269 0.24485003797019086 -0.6604965901113025 0.6890242199818709
1643091509.096741 19.887426135652372 -14.409644144229398 -124.60675952522074 0.1694562933680959 0.24335204172581676 -0.6615054611281486 0.6888213653215597
1643091509.196718 19.900915634576844 -14.33152880748262 -124.61077387734122 0.17127646576969474 0.23706086144630567 -0.6615287124878478 0.6905405728832655
1643091509.296708 19.91448950947201 -14.209161216948832 -124.60559345253574 0.1703291707401079 0.2405377570002594 -0.6630885073443684 0.6880720837819893
1643091509.396676 19.9236225717183 -14.129183292596991 -124.60682564612154 0.1712650958878337 0.2387268390018922 -0.6642369972541619 0.687362331488619
1643091509.496557 19.929989978959654 -14.058126166306524 -124.61070470293423 0.17099832643038057 0.23915914432031357 -0.6634134732893615 0.6880734259540402
1643091509.596364 19.943451123512347 -13.943342782079412 -124.6023600094239 0.17184061289846198 0.24260162748777353 -0.6630672776393928 0.6869912950124252
1643091509.696151 19.95334712567325 -13.849619906728869 -124.60233622913239 0.16953707860560466 0.24227354565456655 -0.6628627508111572 0.687876210986328
1643091509.795944 19.96349029640866 -13.755297545306291 -124.6018488832719 0.17007872005292618 0.24112758047554603 -0.6628557587724713 0.688151845148539
1643091509.895749 19.973269586070355 -13.666330571187636 -124.60435393587413 0.1700273677982063 0.24339429841926297 -0.662059850850742 0.6881327368960886
1643091509.995706 19.989077577504915 -13.535582014717718 -124.60670137911828 0.1700043836394761 0.24164366524332812 -0.6619465796383471 0.6888639737250204
1643091510.09586 20.00084588786054 -13.442392334974446 -124.59980465585683 0.16860793776367164 0.2434105797458735 -0.6623049796234538 0.6882403409833197
1643091510.196033 20.010027574025454 -13.355071354261408 -124.60395175229594 0.17045217588421685 0.24239430097615622 -0.6621308208075565 0.6883123090046611
1643091510.296358 20.00949009255713 -13.250576722301961 -124.60785225167139 0.17126644881659833 0.2401034641113289 -0.66358967859555 0.6875077224969521
1643091510.396774 20.02010079503933 -13.175389281806128 -124.60995257158748 0.17205756490588742 0.23951800982328203 -0.6651625445643502 0.6859927890565829
1643091510.49702 20.037371318662185 -13.087251348394808 -124.60847610260471 0.17141415100879848 0.24098094266839307 -0.6697037722134569 0.6812064529844472
1643091510.597136 20.039467067905303 -13.017085613655501 -124.6076126506112 0.1752294106334424 0.24169792947120522 -0.670784472585241 0.6789145423961169
1643091510.697168 20.057183699479115 -12.881160925751093 -124.60325104433683 0.17240378778349338 0.2405559499109792 -0.6748829957780941 0.6759753774583183
1643091510.797092 20.05782080106625 -12.82664287412944 -124.60811691888252 -0.1744286435428671 -0.23791930928867935 0.6771610183301454 -0.674108304231207
1643091510.896895 20.069752983338798 -12.680178046143505 -124.61064157598396 -0.17629471585365536 -0.23447586377059312 0.6811902020063039 -0.6707616202211664
1643091510.996773 20.076860464969343 -12.63392585693993 -124.60566395270969 -0.17582742194152629 -0.23579899751039712 0.6831829153316057 -0.668389597963266
1643091511.096747 20.090751964811155 -12.533021662524341 -124.60585954774584 -0.17793078418525216 -0.23522927195884522 0.6856562227547458 -0.6654948308218684
1643091511.196579 20.10463228164805 -12.441870450939435 -124.60833640248713 -0.1784968091937855 -0.2329415372186946 0.6885365509561318 -0.6631700742217362
1643091511.296413 20.119202142866587 -12.343676488772688 -124.60621978109815 -0.18003139624785988 -0.23331010500781615 0.6905139967380091 -0.6605645400528163
1643091511.396355 20.13381037707117 -12.246452200939844 -124.60899390338372 -0.1807604169453921 -0.2322693086680415 0.6932467537333782 -0.6578644072715372
1643091511.496436 20.148854296260396 -12.147887529922697 -124.60433138845625 -0.18078013762101128 -0.2328449379075471 0.694339574885446 -0.6565015852840395
1643091511.596558 20.164155067184076 -12.055020442757892 -124.6101003501981 -0.18244089118613258 -0.2334766771216164 0.6960314893548417 -0.6540215044552733
1643091511.696738 20.17936044297035 -11.94408089735301 -124.60938676073206 -0.18291824255598768 -0.22969648240062382 0.6989652809491598 -0.6520950686369825
1643091511.796924 20.19555723291109 -11.850432516171779 -124.60566291177487 -0.1828202031617173 -0.23122699848887793 0.6989151841988274 -0.6516351845795714
1643091511.896981 20.21590076639887 -11.710723577653352 -124.60944288520228 -0.18395499164084234 -0.2309438126030533 0.7001044773329941 -0.6501378602181838
1643091511.996947 20.224931542512564 -11.654841578519166 -124.60836714081437 -0.18423116024180053 -0.22933565160109298 0.7020115611932713 -0.6485705871003157
1643091512.096957 20.238119422954487 -11.563224895733981 -124.60613798748395 -0.1845130934929952 -0.23011929064605816 0.7033816699618963 -0.6467257971998751
1643091512.196773 20.253246010085494 -11.474241408158932 -124.6119813809751 -0.18408402972982651 -0.22952361006446517 0.7050630348856856 -0.6452271687236908
1643091512.296492 20.266451974571797 -11.357279876675618 -124.6070579770991 -0.1850372547096697 -0.2278782885848674 0.7071960512342306 -0.6432001594215072
1643091512.396244 20.274153289457864 -11.27869180390478 -124.6082384499441 -0.187789538110708 -0.22843313786071912 0.7075102074786078 -0.6418587829241336
1643091512.496115 20.2872772206714 -11.174940159788635 -124.6118118220844 -0.18701483939536162 -0.22710157990587146 0.7091129570535657 -0.6407879028110098
1643091512.596074 20.299206583554554 -11.074793284076224 -124.6069141552224 -0.18747474785580856 -0.2261883681854663 0.7111338544147892 -0.638733655070063
1643091512.696065 20.310579487905436 -10.983353826680393 -124.60855724828822 -0.19044065131456633 -0.2261274391089115 0.7130381331462738 -0.635747874780723
1643091512.796111 20.327907303252992 -10.884566502222421 -124.60931597924797 -0.1879104719498314 -0.2262207903128179 0.7149462025954862 -0.6343230533065385
1643091512.89613 20.33446377436109 -10.789557815911637 -124.60888015388248 -0.19095436283018483 -0.2238524072134859 0.7175181300460343 -0.6313432221510644
1643091512.996099 20.347194812782273 -10.694880743727694 -124.6090996023464 -0.1923291338372371 -0.22285412323990791 0.7195956256638462 -0.6289099137061269
1643091513.096185 20.3705089897596 -10.596495922617699 -124.60052993319906 -0.19003784804201554 -0.22588152405298478 0.7232066811091742 -0.6243678801813192
1643091513.196101 20.38327522936223 -10.502606746760392 -124.60551860606687 -0.1900853970759573 -0.22476129135513553 0.724858910934062 -0.6228398373308608
1643091513.295977 20.387006817408366 -10.403565583770607 -124.6104402584398 -0.19193853584845944 -0.22216193515717364 0.7232675167940438 -0.6250502157220226
1643091513.395784 20.39844204401709 -10.31233168651916 -124.60476621316378 -0.19171298174488186 -0.2256168317214907 0.721007892512165 -0.6264908593184815
1643091513.495596 20.40959595137815 -10.200925367544018 -124.61289787390024 -0.19176041802561153 -0.2235834940737771 0.7186899763148639 -0.6298595726040404
1643091513.595477 20.416242929276322 -10.125423817804077 -124.61078527099814 -0.1907694292245335 -0.22367805470876231 0.715712756431376 -0.6335064348500743
1643091513.695486 20.427675901087316 -10.029682081110144 -124.60982987279255 -0.187990300484029 -0.2272556815213672 0.7117353894290795 -0.6375321463066939
1643091513.795519 20.433956144720227 -9.931724669467192 -124.61563704585957 -0.1897643747634092 -0.22325383651384267 0.7108045872212932 -0.6394560542661786
1643091513.895579 20.45027432867282 -9.81287583340991 -124.60955586530109 -0.1893143512112096 -0.22473483649672146 0.7114473333875208 -0.6383549337994159
1643091513.995732 20.46883575107086 -9.708714945681512 -124.60740553186798 -0.18966141050737018 -0.22676128957147948 0.7115724660159678 -0.63739508354253
1643091514.096027 20.48052523221789 -9.620388496478954 -124.61006952676173 -0.19132501208133385 -0.22435037728968624 0.7129340313146117 -0.6362285084429565
1643091514.196113 20.502040203687116 -9.514239680660687 -124.60449461574682 -0.19018419588833443 -0.22598687086646566 0.7147775128944366 -0.6339187746791655
1643091514.296118 20.519487810253207 -9.414742869557694 -124.60801368845812 -0.19114012976838934 -0.2263139977214712 0.714915717178311 -0.6333584629251199
1643091514.396025 20.532791486056457 -9.314712673816295 -124.60965079132905 -0.19102647717854046 -0.22401325450463255 0.7150891039405133 -0.6340146057060145
1643091514.495952 20.54976822325278 -9.222305013614665 -124.60613307301749 -0.19034812910683294 -0.2263400931622017 0.714542634614352 -0.6340083400801878
1643091514.596012 20.56374205180596 -9.123029477967295 -124.61298548784261 -0.19035905272631312 -0.22554589446906778 0.7144041654569163 -0.6344439840609224
1643091514.6961 20.583411136463916 -8.993928135448957 -124.6073906454095 -0.19113146139866244 -0.2229694988117095 0.7156273898418734 -0.6337434859399929
1643091514.796077 20.604519627614042 -8.929695181579925 -124.60383784777133 -0.19007137727763856 -0.2270960934647081 0.715725253284512 -0.6324852549140346
1643091514.895896 20.61858271087183 -8.832598091513738 -124.61222114594936 -0.19113855311834566 -0.22329423028508116 0.7160418240274318 -0.6331586266305521
1643091514.99571 20.636255897378575 -8.73349907025132 -124.60888609085868 -0.19058729855175524 -0.22344258182254026 0.7155536715164333 -0.6338239798544809
1643091515.095557 20.65862904016064 -8.63909701117082 -124.6049868502488 -0.18901579137896493 -0.22590695869942634 0.7151664129178792 -0.6338580901548333
1643091515.195305 20.677518814829757 -8.545472342218504 -124.60720568109691 -0.1877823554839909 -0.2264723343917074 0.7142823662651098 -0.6350187162334431
1643091515.295195 20.691750236804154 -8.446355747238954 -124.60473508967995 -0.1886211643598919 -0.22578717571138637 0.7125411872973016 -0.6369672393810738
1643091515.395205 20.712261440901315 -8.350322540659358 -124.60988898771728 -0.18783565633193042 -0.22856949366827933 0.7113844912412242 -0.6374996928595684
1643091515.495139 20.727273768361883 -8.26114482950471 -124.60820762597976 -0.1887711673607853 -0.2252915646334241 0.7114523467101054 -0.638313963217909
1643091515.595109 20.75449110316822 -8.170250354102262 -124.60293575578311 -0.18581117936929847 -0.2298157957027505 0.7103290439181148 -0.6388204403690281
1643091515.69519 20.760399883408834 -8.076314630753634 -124.61269472703671 -0.18724589502598354 -0.22620181215579702 0.7082478129242588 -0.6419943539170387
1643091515.795347 20.778056531983676 -7.982559784074106 -124.60946610268674 -0.1858827270672852 -0.22646961360324744 0.7069696600500579 -0.6437025910007901
1643091515.895573 20.80070059150488 -7.888501213011043 -124.60581427980044 -0.18309210442503066 -0.23015066904627027 0.7058019560393919 -0.6444777340496228
1643091515.995827 20.815712296260298 -7.8001305317756024 -124.60325356857673 -0.1827559240612135 -0.23420093622169286 0.703311778245801 -0.6458349141027787
1643091516.096154 20.82670931864915 -7.703472397819672 -124.61418278472105 -0.1836534556516045 -0.23079294535871608 0.7023232123968937 -0.6478797187197486
1643091516.196346 20.847032606397534 -7.612771902020326 -124.61150110571481 -0.18110205711111704 -0.23309481702227847 0.7020086214474495 -0.6481147634492859
1643091516.296504 20.85927149120847 -7.521899105371451 -124.60639438632678 -0.17961324015496663 -0.23366208154716886 0.7006912834523338 -0.6497482904186818
1643091516.396559 20.868541223936745 -7.424669691234035 -124.61679409442394 -0.1831066326295686 -0.23041934449775883 0.6998957161085986 -0.6507878865967893
1643091516.496518 20.87809560163442 -7.327076645460508 -124.61658568853584 -0.18403563610946042 -0.22696152984096232 0.6997573845455701 -0.651888756911775
1643091516.596372 20.902564416707992 -7.238884740798368 -124.60352629087431 -0.17901385935720504 -0.23504378550207106 0.6981645665509344 -0.6521308879877116
1643091516.696189 20.91013506364234 -7.144343661753545 -124.61276676816483 -0.183358377715502 -0.22906019163096403 0.6979989724363065 -0.6532293382950476
1643091516.795995 20.925954411139696 -7.055281455409905 -124.60647898150788 -0.1783598959838139 -0.23420524603793508 0.6970034448022574 -0.6538515490283248
1643091516.895829 20.93845268880785 -6.9630438779143145 -124.60759428569932 -0.1786612156616894 -0.23391744460013636 0.6964202488711525 -0.6544934194415337
1643091516.99574 20.95162828567308 -6.865764058714346 -124.60538284432684 -0.17860207621095603 -0.23348428082841674 0.6964365658601638 -0.65464685037971
1643091517.095769 20.963082887469263 -6.7767894405728555 -124.61158011203744 -0.17975282529329908 -0.23317283970085043 0.6955811077891013 -0.6553520207581607
1643091517.195645 20.97427570111388 -6.678531204773556 -124.61428012399146 -0.1816006770804064 -0.2310613039251705 0.6957302595571887 -0.655432127568389
1643091517.295639 20.985264150012434 -6.588460034930773 -124.60797137592496 -0.17970687067840074 -0.23300043474097928 0.6953603762000049 -0.6556601141235288
1643091517.395617 20.99756885684329 -6.498513477328349 -124.6130636965378 -0.1810901663754326 -0.23041290423751268 0.6955938594842711 -0.6559462080466119
1643091517.495632 21.011799902602245 -6.402894048903094 -124.60727483365916 -0.17943604767135046 -0.23195358394661225 0.6960890473682828 -0.6553321889120991
1643091517.595609 21.02337160210424 -6.317084098924326 -124.60996365973585 -0.18000131487954582 -0.23320198010376997 0.6963606350058769 -0.6544449779252092
1643091517.695576 21.043371585061063 -6.16176433889682 -124.61267419456631 -0.18341887526351458 -0.22999896173461687 0.6948611618862727 -0.6562209685007976
1643091517.795541 21.043617746257688 -6.168041139642202 -124.60827289196777 -0.1796670892212418 -0.2321484989908226 0.6956330386181572 -0.6556839841340826
1643091517.895494 21.056595650224352 -6.078111426771124 -124.61159537157957 -0.18077046071957162 -0.23321064422888438 0.6951288283659545 -0.6555385174985205
1643091517.995519 21.070661101068037 -5.943294633045558 -124.61153183783891 -0.18183564314215148 -0.23176566841992013 0.6954087269727615 -0.6554595153593173
1643091518.095709 21.081567160067962 -5.8565902732415855 -124.61118918489447 -0.18217773612611 -0.23188104899428358 0.6950691972849773 -0.6556838129486602
1643091518.195745 21.087244631780496 -5.766366279926549 -124.60921637836425 -0.18643563834228932 -0.22712677183975205 0.6929784471179383 -0.658358606004028
1643091518.295775 21.10689800447279 -5.669691594165182 -124.60988307064218 -0.1805745973451497 -0.23449880123347622 0.6951920121842009 -0.6550657930383647
1643091518.395801 21.114501959616746 -5.586149787978122 -124.61425335717225 -0.18384684406236584 -0.23017855157909065 0.6947814290274378 -0.6561226548442384
1643091518.495866 21.128223683617144 -5.48432937963907 -124.60945617136451 -0.18276699773471314 -0.23142669119284912 0.6960420100524998 -0.6546475627271859
1643091518.595971 21.14197560812957 -5.397139748755446 -124.61081870225188 -0.18437204383882336 -0.2302626121156529 0.6986798594074847 -0.6517917865167594
1643091518.696074 21.15685407643103 -5.305761040318492 -124.60858027699813 -0.18588174901816334 -0.22818760099063898 0.7005257367809652 -0.6501092879228625
1643091518.796122 21.176510501570753 -5.210328290812044 -124.6120030314964 -0.18494947068114934 -0.2305613878639047 0.7033750664364271 -0.6464508145532686
1643091518.89603 21.194054197205844 -5.120905924742422 -124.61203220599985 -0.18744835369365942 -0.22640500606154296 0.70647564553484 -0.6438136766129937
1643091518.9958 21.216045878725602 -5.031649653011853 -124.61095814469532 -0.185009745930093 -0.229097744756144 0.7092066803527108 -0.6405556196003739
1643091519.095636 21.231084286582004 -4.9440351685970905 -124.61981946170414 -0.18771217603430515 -0.22699939900105004 0.710786104650241 -0.6387632779502631
1643091519.195403 21.25061859874121 -4.866058682464089 -124.62229120926115 -0.18919008768778442 -0.2343615969897222 0.7110302589176904 -0.6353878527958788
1643091519.295141 21.267306657116062 -4.769617354860434 -124.6152422746889 -0.1874190454440357 -0.23059589064594668 0.7114074863120016 -0.6368665676900369
1643091519.394964 21.277321238871668 -4.6832240189941565 -124.61301391539929 -0.188621201150562 -0.2273980481537642 0.7111447493086378 -0.6379540075139681
1643091519.494894 21.293963711603652 -4.596315091659057 -124.61029780475376 -0.18637997338160606 -0.23171844325873067 0.7091444856434317 -0.6392833229934399
1643091519.594923 21.30736480434201 -4.50413143439023 -124.61385987965517 -0.18424216258264883 -0.23364655627891168 0.7063867113236635 -0.6422475584470629
1643091519.695018 21.316455445580953 -4.421818989151606 -124.61607740896763 -0.18297413621135122 -0.2335997813197056 0.703510172742007 -0.6457747629735984
1643091519.795057 21.325662263321984 -4.335533027530419 -124.61288758446355 -0.1830053236697543 -0.2343545340613779 0.6998921420885267 -0.6494135764796858
1643091519.895121 21.334541024488697 -4.2454230869198435 -124.60670516992622 -0.18357947005060682 -0.23526126614476783 0.6969290746523554 -0.6521047306469343
1643091519.995152 21.34078342198342 -4.192669475742545 -124.61484897729858 -0.18347723464250523 -0.23472478393514046 0.696689563744831 -0.6525825863012112
1643091520.095246 21.35684078116269 -4.070718960762078 -124.61202174826703 -0.181986848426657 -0.23494951757406377 0.6963827956691743 -0.6532461351492503
1643091520.195156 21.366380469609695 -3.9836753661792024 -124.60859864079578 -0.18164535523548972 -0.23511744203018542 0.6953659795156882 -0.6543629787103964
1643091520.295054 21.375257730734855 -3.9001056840752595 -124.60956791132027 -0.17969426781729086 -0.23534186407347626 0.6934277790180738 -0.6568729652026262
1643091520.394958 21.380478832781858 -3.8158152368951113 -124.63269473975099 -0.1832605318695443 -0.23120720450010035 0.6940378035202701 -0.6567117581792634
1643091520.494853 21.39476889640006 -3.734861390200306 -124.61512254286045 -0.182262677518772 -0.23644687584951968 0.6922545859721819 -0.6570059204338825
1643091520.594774 21.40355675434786 -3.6459650985904544 -124.60434979585987 -0.18068412930161012 -0.23619438549869404 0.690880690692889 -0.6589759698996087
1643091520.694731 21.414011548822632 -3.5621803762580155 -124.60644824757955 -0.17959115198541592 -0.2364776778437954 0.6894345029738046 -0.6606855470792595
1643091520.794698 21.421005275697677 -3.4825852791410403 -124.6059772917824 -0.1792244294955315 -0.23700158336599544 0.6869790683025968 -0.6631505206724251
1643091520.894597 21.429045327363227 -3.403894573002162 -124.60968876972082 -0.17726721106888513 -0.23749604542353556 0.683657390987997 -0.6669216865836094
1643091520.994476 21.437035423016855 -3.322127409558506 -124.60548369263084 -0.17615929096707622 -0.23808070220081456 0.6788868884322347 -0.6718616495680808
1643091521.094536 21.445639634984477 -3.2427514733836573 -124.60820811208953 0.17436112682979382 0.2396308954353928 -0.6731123106597549 0.6775655308837384
1643091521.194567 21.45155509047726 -3.1625908059977137 -124.60384773839694 0.17280636034736196 0.2418627404489958 -0.6660908294053475 0.6840784922712421
1643091521.2945 21.45491155658535 -3.080344125921295 -124.61122620237867 0.1653003996159711 0.24416017464478845 -0.6544583894691892 0.6962368874583001
1643091521.394395 21.45804902672764 -3.0070892650687413 -124.61579195504795 0.1621768613126096 0.24679905995054338 -0.6425150033749463 0.70708087239043
1643091521.494322 21.45469310878664 -2.9263375433050913 -124.60891960945374 0.15657031143387418 0.2495844037803266 -0.6271867333822242 0.7209924857004082
1643091521.594381 21.450807804033616 -2.847720956090863 -124.61236195495553 0.15015594075576386 0.25398275661741243 -0.6094384690362764 0.73588769880702
1643091521.694566 21.441148852315294 -2.769881702262559 -124.61126723758649 0.14450202419231403 0.25788108182051495 -0.5891653132088777 0.7519978366690224
1643091521.794737 21.428870055761315 -2.687011578817349 -124.61253777079084 0.1378215024433063 0.25996007838997715 -0.571478806007541 0.7660535003457278
1643091521.894899 21.42018965615469 -2.6103055681411798 -124.61912862999738 0.13294705148651653 0.264641100887638 -0.555605001205212 0.7769126410721974
1643091521.995074 21.39856558326828 -2.5327383459790376 -124.60578321511285 0.12851285864657797 0.26340811118445545 -0.5361062696579859 0.7916379726605598
1643091522.095315 21.382444147449615 -2.454456101009985 -124.60534065002919 0.12309820087923577 0.2659429417689771 -0.5174823122185808 0.8039485314399605
1643091522.195339 21.363165619912046 -2.3770635108451708 -124.6072715371784 0.11608422626615418 0.26944289003775085 -0.49704386050026955 0.8166225457084083
1643091522.295281 21.34519490056023 -2.29992688178389 -124.60919671202187 0.10812893913748592 0.27230445333965597 -0.47647136010170055 0.8289351363135892
1643091522.395252 21.323703761534865 -2.220196453670777 -124.61050483060208 0.10177389814628165 0.27388235686269197 -0.4562853806025404 0.8404963888701975
1643091522.495311 21.29391574791402 -2.1495748232478205 -124.60716333198775 0.09485422776677653 0.2766691067649582 -0.4344054391010044 0.8519089125699485
1643091522.595372 21.257686242780814 -2.0772941425838742 -124.60842409753258 0.08618150501505797 0.2803666391498578 -0.41226485205575536 0.8625572372918792
1643091522.695323 21.226982970635692 -2.008135586118767 -124.60917195698912 0.07910832606037024 0.28116154236158186 -0.3911153459637681 0.8727650577311311
1643091522.795184 21.191846514636353 -1.9426936930929481 -124.60636917476414 0.07470375808865727 0.2834915801732842 -0.36916030934923344 0.8819141332915943
1643091522.894979 21.147700146777 -1.8728521182572857 -124.60867227782703 0.06473772165811348 0.2858042091409395 -0.3467821186793153 0.8909922242063194
1643091522.994708 21.10184093990313 -1.810369932554757 -124.60915680598004 0.05775584514748793 0.2867410946039225 -0.3244159136098219 0.899554401919833
1643091523.094484 21.052403205568556 -1.7528204838053603 -124.61524478142863 0.04557415929480599 0.2884054767388879 -0.28785431353203567 0.9120773931923689
1643091523.194167 21.004951246578077 -1.7002586656531862 -124.61063150420384 0.04146889766960827 0.29002811718757565 -0.2638739540737436 0.9189856136676925
1643091523.294035 20.951070709204505 -1.6466238183202284 -124.60489042738732 0.03353465043813429 0.2916463254504848 -0.24358617599345658 0.9243828335360339
1643091523.394135 20.891961004018455 -1.5953930356986863 -124.61411750613942 0.022438969568065497 0.292179943738039 -0.21609458211947266 0.9313594927312281
1643091523.494317 20.83503943691055 -1.549273260308366 -124.6132456113418 0.016872281828184104 0.2921825310194236 -0.19327176240552413 0.9364778270357801
1643091523.59458 20.769884490586314 -1.5117271547237423 -124.60790238498635 0.008857292171155436 0.2963578157007655 -0.1680177907418095 0.9401402105232536
1643091523.694833 20.701890935286986 -1.4759336872509108 -124.6040953583328 0.0014635868283712147 0.2935596257572762 -0.14418365809744974 0.9450035326793659
1643091523.79493 20.639199489325573 -1.4480184276858925 -124.61139982690173 -0.009157685061062883 0.29210411247865276 -0.11821560075725426 0.9490081116697487
1643091523.894885 20.568328139326486 -1.4202521440021183 -124.61385046674292 -0.014195255985001489 0.2936989374380173 -0.09383225293963585 0.9511755553858458
1643091523.994751 20.49761811691322 -1.3949689249918726 -124.61231471137435 -0.022938313955566465 0.2933837548042614 -0.06925750143071074 0.9532068005765612
1643091524.09473 20.422671554593798 -1.3763347267062715 -124.61390547664764 -0.03046974231360248 0.2910151635059809 -0.0465043009428263 0.9551016277898121
1643091524.194753 20.345140138771704 -1.3640422511560828 -124.60912171551158 -0.03310083891569432 0.29285312414873166 -0.028409327318538347 0.955161919394148
1643091524.294814 20.264330892221448 -1.3446252690776426 -124.61286954272892 -0.03670358347429993 0.29137517343486885 -0.02501676418896359 0.9555770595694828
1643091524.394806 20.182520339944737 -1.33111282910835 -124.61359734438761 -0.04565909389388124 0.2900588013555512 0.006101321594898031 0.9558995306912575
1643091524.494766 20.08782920769162 -1.3194631450709497 -124.61127942539993 -0.0518550052720929 0.2899852792147475 0.020698075285079314 0.9554010602602812
1643091524.594681 20.012481214706472 -1.3139729671552094 -124.61198010396872 -0.05191776345624999 0.2902122914012365 0.03517098148175108 0.9549054266360387
1643091524.694715 19.95006978676876 -1.3094750507826813 -124.60608010080749 -0.05933112002798475 0.2897192515695724 0.046100439695420464 0.9541579129924357
1643091524.794769 19.84422537837458 -1.3027902127558593 -124.6082934754134 -0.06167163418950543 0.28616110923658067 0.054794687914084685 0.9546234709419644
1643091524.894813 19.765815794450276 -1.3011691938355663 -124.61699748814469 -0.06321420958684555 0.28709670658281566 0.0614503641016085 0.9538360957352111
1643091524.994835 19.678262271581627 -1.302624199969682 -124.61126203866031 -0.06546228632443463 0.28633293838916524 0.06674547740439037 0.9535581674489839
1643091525.09497 19.598574311157428 -1.303979522397261 -124.61046593382243 -0.0667345175435669 0.2874454976788928 0.07036618752591955 0.952874697788449
1643091525.195045 19.515859125660512 -1.3092311290495446 -124.61116874171991 -0.06547413713475594 0.2874907225375897 0.07182989016467578 0.9528392774755899
1643091525.295208 19.43568939560312 -1.3132493418670976 -124.60634101168766 -0.06691179876896551 0.28761385332506767 0.06727837323339862 0.9530344710744074
1643091525.395353 19.35088146176088 -1.3183088933669318 -124.61256514400483 -0.05934438911683437 0.2870969038481771 0.060656698091835416 0.954135407716188
1643091525.495389 19.264998580168793 -1.3173357259183496 -124.61595492313955 -0.060978478638219646 0.2876315824469597 0.053186609356310414 0.9543169717170524
1643091525.595283 19.186441736313196 -1.3255405375196572 -124.60570095298003 -0.051609538025600095 0.2912339541747215 0.0458873868744543 0.9541559554110504
1643091525.695114 19.107034212997366 -1.3188411396043207 -124.61086027250182 -0.054017053309558354 0.28894936304404556 0.038712695302326995 0.9550349474080108
1643091525.794926 19.029229547933724 -1.3163014948430725 -124.61465050506824 -0.05082942895894861 0.29016753276512414 0.02910749984925188 0.9551816191349337
1643091525.89471 18.953038574570158 -1.3085502378344003 -124.61388335065087 -0.05054049558555013 0.2918874858314758 0.02196811478739258 0.9548637367989398
1643091525.994515 18.878289878990152 -1.3004768256457029 -124.61305234888178 -0.04855150372865162 0.29100202142406045 0.01926363451842773 0.9552954974236704
1643091526.094506 18.804605246613747 -1.291357642721588 -124.61524767045934 -0.04760453866298335 0.2933109903237479 0.009253342608449032 0.9547862831568945
1643091526.194328 18.732801965862397 -1.2794169844118857 -124.60994823890441 -0.04324953558815233 0.29164206396556247 0.0040141004068954544 0.9555408265454906
1643091526.294196 18.670318916263945 -1.27152402191098 -124.60994228428379 -0.043194575487139425 0.2917977731779927 0.0027756730278611316 0.9555001747022828
1643091526.3941 18.607266192664856 -1.2627146784191978 -124.61266921058044 -0.04245068034605106 0.2917071696001269 -0.00026373348067788876 0.9555651717108004
1643091526.494064 18.54302960168837 -1.2529848890166104 -124.61270150054362 -0.041430468285818235 0.29207065799679915 -0.002569492031550787 0.9554954969782088
1643091526.594071 18.48538768147727 -1.2428279082923883 -124.61228447354489 -0.040821129161380136 0.29147903680113557 -0.005592083159209227 0.9556894553804665
1643091526.694108 18.42998851452317 -1.2332312442962283 -124.6120325794835 -0.03967276258605445 0.2917566016436951 -0.007550471105635038 0.9556396536834351
1643091526.79415 18.380212446798275 -1.2259451575081777 -124.61495150085433 -0.04057344928841183 0.2906293449688925 -0.009363282510305129 0.9559292379650417
1643091526.894119 18.337754272782462 -1.2189978923934937 -124.61282052709113 -0.03944608742479285 0.29117831237749625 -0.009470331962259907 0.9558083015962946
1643091526.994136 18.30092642020354 -1.212511473998735 -124.61245603464259 -0.03922511363608624 0.292162942554347 -0.010453143745421334 0.9555066390371441
1643091527.094285 18.270343674971237 -1.2105405408915357 -124.61245509618475 -0.03898830064775276 0.291685581710624 -0.010546701243416482 0.9556611328957653
1643091527.194322 18.24259919837112 -1.2065908017198457 -124.61208756924586 -0.03922279086067061 0.2916849584328556 -0.009355937224350854 0.9556641272642692
1643091527.294395 18.223473529493788 -1.2034306166179556 -124.61184518551194 -0.03982742358869884 0.29218987919322853 -0.007292148280907963 0.9555028390333449
1643091527.394423 18.20334107300069 -1.200822591788998 -124.61533486299513 -0.0408312834737743 0.2905781890626769 -0.006778642866249613 0.9559556330352531
1643091527.494364 18.187960565496017 -1.200293808769112 -124.6141203779947 -0.0403758457989939 0.2914926662977067 -0.006433409035829911 0.9556989211142007
1643091527.594249 18.17752378204604 -1.2013175503463263 -124.61060881982799 -0.03970253348618762 0.2922812817377938 -0.005560909687132145 0.9554917254816716
1643091527.694148 18.170236451295377 -1.197692531276377 -124.61293242258567 -0.040779029810262477 0.2917117954849171 -0.005335420334224139 0.9556216994148661
1643091527.794097 18.167533377555184 -1.1986980700925352 -124.61287331739705 -0.04077635017398604 0.2917033185833382 -0.005178513131963719 0.9556252645235463
1643091527.894065 18.164050204629444 -1.2010844954914044 -124.61118362648962 -0.04020646002413152 0.29193446590593325 -0.005081207176273354 0.955579347580397
1643091527.994042 18.164467119230967 -1.1998508478180918 -124.61072577798946 -0.039959235184049105 0.2919814810524526 -0.005122313110129856 0.9555751337044742
